//! Deflate compression with a preshared dictionary for the gossip wire format.
//!
//! # Why compression helps
//!
//! Boru's [`SignedMessage`](crate::chat_core::SignedMessage) envelope carries
//! a `data` payload that is normally raw postcard bytes.  Chat wire formats
//! are structurally repetitive: every message repeats the same enum
//! discriminants, 32-byte sender hashes, blob-ticket shapes, and short text
//! fields.  Generic deflate must bootstrap its window from scratch on every
//! tiny message, so it captures almost nothing.
//!
//! The Matrix project demonstrated this exact problem for its own
//! low-bandwidth mode: deflate with a *preshared dictionary* — a corpus of
//! typical messages both peers agree on — lets the compressor emit short
//! back-references for recurring structure instead of encoding each byte.
//! See the Matrix "Introducing low-bandwidth mode" post (Sept 2020) and the
//! underlying zlib RFC 1950/1951 dictionary presetting.  Boru follows the
//! same technique.
//!
//! # When compression is used vs. not
//!
//! Compression is selected *per message* via the `compression` byte on
//! [`SignedMessage`]: `0` = raw postcard (the legacy wire format, understood
//! by every peer), `1` = raw RFC 1951 deflate (no zlib header/checksum — the
//! signed envelope already provides integrity) with the preshared dictionary
//! preset.
//!
//! - [`SignedMessage::sign_and_encode`] always produces `compression = 0`
//!   (backward-compatible default; every existing peer can decode it).
//! - [`SignedMessage::sign_and_encode_compressed`] enables compression.
//!   Newer senders use this when bandwidth matters; the receiver verifies the
//!   signature *first* (it covers the compressed `data` bytes) and only then
//!   inflates, so the `compression` byte cannot be tampered with.  The
//!   encoder *falls back* to `compression = 0` whenever deflate would not
//!   actually shrink the payload (tiny unit variants such as Presence,
//!   Heartbeat, Leave are 1–6 bytes, smaller than deflate's framing
//!   overhead), so compression never makes a wire message larger.
//! - Peers that do not understand a compression value reject the message with
//!   a clear error — never a panic or silent corruption.  Legacy peers
//!   (pre-compression) receive `compression = 0` envelopes and decode them as
//!   before; a `compression = 1` envelope reaching legacy code fails to parse
//!   as a valid postcard `Message`, which is the desired explicit failure.
//!
//! # How the dictionary was designed
//!
//! [`DICTIONARY`](crate::wire_compression::DICTIONARY) is a hand-curated ~7.7 KiB byte array in three sections,
//! generated by the ignored `gen_dictionary` test in this module:
//!
//! - **Section A — common English chat words and phrases.**  Text messages
//!   dominate real chat traffic, and deflate's matcher only wins on
//!   back-references of ≥ 3 bytes, so the largest section is a space-joined
//!   blob of high-frequency English words, contractions, and common phrases
//!   (`"how are you"`, `"let me know"`, …) ordered so frequent phrases appear
//!   as contiguous byte sequences.
//! - **Section B — domain vocabulary.**  The `blob:iroh:` ticket prefix,
//!   file extensions, MIME types, emoji UTF-8, room names, and the field
//!   words used by RoomAdvertisement / UserProfile / DiagnosticProbe /
//!   group-encryption payloads (these strings are transmitted verbatim).
//! - **Section C — postcard structural exemplars.**  Full postcard encodings
//!   of the most frequent [`Message`] shapes with typical values (short
//!   repeated texts like `"hi"`/`"ok"`/`"thanks"`, and a PresenceWithTicket
//!   with a full `blob:iroh:` ticket).  This captures the variant
//!   discriminants, string-length varints, and the `blob:iroh:` prefix in the
//!   exact byte layout they appear on the wire, so a real ticket-bearing
//!   message references the `05 0x55 "blob:iroh:"` prefix as one short
//!   back-reference.
//!
//! Hash-bearing and per-message-random variants (AboutMe with a ticket,
//! FileShare, Edit/Delete/Reaction, ImageShare, RoomAdvertisement,
//! ProfileUpdate, DiagnosticProbe, ContactControl, EncryptedGroupMessage)
//! are deliberately *not* given full exemplars: their 32-byte blake3 hashes,
//! ed25519 signatures, ciphertexts and ticket-hex are incompressible
//! per-message data that never matches a fixed dictionary, so those bytes
//! would only waste budget.  Their discriminant bytes and surrounding
//! structure are covered by Sections A/A2/B (field words, `blob:iroh:`,
//! `:3:200:1000`) and the PresenceWithTicket exemplar.  Both compress and
//! decompress preset their window with the same bytes.
//!
//! This is a **protocol constant**: all peers must agree on it.  Change it
//! only together with a wire-format version bump.
//!
//! # Expected compression ratios
//!
//! Measured by the `compression_bench` criterion bench (`cargo bench --bench
//! compression_bench`): short plain-text messages compress ~1.5–3×, and the
//! structurally repetitive variants (FileShare tickets, RoomAdvertisement,
//! presence-with-ticket, Edit/Delete/Reaction with repeated hashes) reach
//! ~3–8×.  Over a realistic gossip-stream mix the overall average is ≥ 2×.
//! Tiny unit variants (Presence, Heartbeat, Leave) have little to compress;
//! the encoder falls back to raw postcard for them, so their wire envelope
//! is never larger than the uncompressed form.  The guaranteed win is on the
//! payload-heavy variants that dominate real bandwidth use.
//!
//! [`Message`]: crate::chat_core::Message
//! [`SignedMessage`]: crate::chat_core::SignedMessage
//! [`SignedMessage::sign_and_encode`]: crate::chat_core::SignedMessage::sign_and_encode
//! [`SignedMessage::sign_and_encode_compressed`]: crate::chat_core::SignedMessage::sign_and_encode_compressed

use flate2::{Compress, Compression, Decompress, FlushCompress, FlushDecompress, Status};
use n0_error::{bail_any, Result, StdResultExt};

/// Log2 of the deflate window size (32 KiB).  Messages are small, but a
/// larger window costs nothing and keeps the dictionary fully addressable.
const WINDOW_BITS: u8 = 15;

/// Hard cap on decompressed payload size (64 MiB) so a hostile peer cannot
/// send a tiny deflate bomb that exhausts memory.  Real boru messages are
/// orders of magnitude smaller.
const MAX_DECOMPRESSED_SIZE: usize = 64 * 1024 * 1024;

/// Preshared dictionary for the deflate stream.
///
/// A curated ~7.7 KiB byte array in four sections (see the inline comments
/// below and `gen_dictionary` in the test module):
///
/// - **Section A** — the most common English chat words (space-joined so
///   frequent phrases appear as contiguous byte sequences).
/// - **Section A2** — common multi-word chat phrases ("let me know",
///   "when you get a chance", …) so deflate emits one long back-reference
///   instead of a chain of word matches.
/// - **Section B** — domain vocabulary: the `blob:iroh:` ticket prefix, file
///   extensions, MIME types, emoji, room names, and the field words used by
///   RoomAdvertisement / UserProfile / DiagnosticProbe / group-encryption
///   payloads.
/// - **Section C** — postcard encodings of common short text messages
///   ("hi", "ok", "thanks", …) plus a ticket-bearing exemplar, capturing the
///   variant discriminants and string-length varints in their exact wire
///   order.
///
/// Hash-bearing variants (ReadReceipt/Edit/Delete/Reaction/ImageShare/etc.)
/// are deliberately *not* given full exemplars: their 32-byte blake3 hashes,
/// signatures and ciphertexts are incompressible per-message data that never
/// matches a fixed dictionary, so those bytes would only waste budget.
///
/// Both compress and decompress preset their window with these bytes, so the
/// compressor can reference recurring structures with short back-references.
///
/// This is a protocol constant: all peers must agree on it.  Change it only
/// together with a wire-format version bump.
///
/// [`Message`]: crate::chat_core::Message
/// [`SignedMessage`]: crate::chat_core::SignedMessage
pub static DICTIONARY: &[u8] = &[
    // ── Section A: common English chat words and phrases ──
    0x74, 0x68, 0x65, 0x20, 0x61, 0x20, 0x61, 0x6e, 0x20, 0x61, 0x6e, 0x64, 0x20, 0x6f, 0x72, 0x20,
    0x62, 0x75, 0x74, 0x20, 0x69, 0x66, 0x20, 0x74, 0x68, 0x65, 0x6e, 0x20, 0x74, 0x68, 0x61, 0x6e,
    0x20, 0x73, 0x6f, 0x20, 0x66, 0x6f, 0x72, 0x20, 0x6f, 0x66, 0x20, 0x74, 0x6f, 0x20, 0x69, 0x6e,
    0x20, 0x6f, 0x6e, 0x20, 0x61, 0x74, 0x20, 0x62, 0x79, 0x20, 0x77, 0x69, 0x74, 0x68, 0x20, 0x77,
    0x69, 0x74, 0x68, 0x6f, 0x75, 0x74, 0x20, 0x66, 0x72, 0x6f, 0x6d, 0x20, 0x69, 0x6e, 0x74, 0x6f,
    0x20, 0x61, 0x62, 0x6f, 0x75, 0x74, 0x20, 0x61, 0x66, 0x74, 0x65, 0x72, 0x20, 0x62, 0x65, 0x66,
    0x6f, 0x72, 0x65, 0x20, 0x62, 0x65, 0x74, 0x77, 0x65, 0x65, 0x6e, 0x20, 0x6f, 0x76, 0x65, 0x72,
    0x20, 0x75, 0x6e, 0x64, 0x65, 0x72, 0x20, 0x74, 0x68, 0x72, 0x6f, 0x75, 0x67, 0x68, 0x20, 0x64,
    0x75, 0x72, 0x69, 0x6e, 0x67, 0x20, 0x61, 0x67, 0x61, 0x69, 0x6e, 0x73, 0x74, 0x20, 0x75, 0x6e,
    0x74, 0x69, 0x6c, 0x20, 0x62, 0x65, 0x63, 0x61, 0x75, 0x73, 0x65, 0x20, 0x61, 0x73, 0x20, 0x69,
    0x73, 0x20, 0x61, 0x72, 0x65, 0x20, 0x77, 0x61, 0x73, 0x20, 0x77, 0x65, 0x72, 0x65, 0x20, 0x62,
    0x65, 0x20, 0x62, 0x65, 0x65, 0x6e, 0x20, 0x62, 0x65, 0x69, 0x6e, 0x67, 0x20, 0x68, 0x61, 0x76,
    0x65, 0x20, 0x68, 0x61, 0x73, 0x20, 0x68, 0x61, 0x64, 0x20, 0x68, 0x61, 0x76, 0x69, 0x6e, 0x67,
    0x20, 0x64, 0x6f, 0x20, 0x64, 0x6f, 0x65, 0x73, 0x20, 0x64, 0x69, 0x64, 0x20, 0x64, 0x6f, 0x69,
    0x6e, 0x67, 0x20, 0x77, 0x69, 0x6c, 0x6c, 0x20, 0x77, 0x6f, 0x75, 0x6c, 0x64, 0x20, 0x63, 0x61,
    0x6e, 0x20, 0x63, 0x6f, 0x75, 0x6c, 0x64, 0x20, 0x73, 0x68, 0x61, 0x6c, 0x6c, 0x20, 0x73, 0x68,
    0x6f, 0x75, 0x6c, 0x64, 0x20, 0x6d, 0x61, 0x79, 0x20, 0x6d, 0x69, 0x67, 0x68, 0x74, 0x20, 0x6d,
    0x75, 0x73, 0x74, 0x20, 0x67, 0x6f, 0x20, 0x67, 0x6f, 0x65, 0x73, 0x20, 0x77, 0x65, 0x6e, 0x74,
    0x20, 0x67, 0x6f, 0x6e, 0x65, 0x20, 0x67, 0x6f, 0x69, 0x6e, 0x67, 0x20, 0x6d, 0x61, 0x6b, 0x65,
    0x20, 0x6d, 0x61, 0x6b, 0x65, 0x73, 0x20, 0x6d, 0x61, 0x64, 0x65, 0x20, 0x6d, 0x61, 0x6b, 0x69,
    0x6e, 0x67, 0x20, 0x6b, 0x6e, 0x6f, 0x77, 0x20, 0x6b, 0x6e, 0x6f, 0x77, 0x73, 0x20, 0x6b, 0x6e,
    0x65, 0x77, 0x20, 0x6b, 0x6e, 0x6f, 0x77, 0x6e, 0x20, 0x74, 0x61, 0x6b, 0x65, 0x20, 0x74, 0x61,
    0x6b, 0x65, 0x73, 0x20, 0x74, 0x6f, 0x6f, 0x6b, 0x20, 0x74, 0x61, 0x6b, 0x65, 0x6e, 0x20, 0x73,
    0x65, 0x65, 0x20, 0x73, 0x65, 0x65, 0x73, 0x20, 0x73, 0x61, 0x77, 0x20, 0x73, 0x65, 0x65, 0x6e,
    0x20, 0x63, 0x6f, 0x6d, 0x65, 0x20, 0x63, 0x6f, 0x6d, 0x65, 0x73, 0x20, 0x63, 0x61, 0x6d, 0x65,
    0x20, 0x74, 0x68, 0x69, 0x6e, 0x6b, 0x20, 0x67, 0x65, 0x74, 0x20, 0x67, 0x65, 0x74, 0x73, 0x20,
    0x67, 0x6f, 0x74, 0x20, 0x67, 0x69, 0x76, 0x65, 0x20, 0x67, 0x69, 0x76, 0x65, 0x73, 0x20, 0x67,
    0x61, 0x76, 0x65, 0x20, 0x66, 0x69, 0x6e, 0x64, 0x20, 0x74, 0x65, 0x6c, 0x6c, 0x20, 0x61, 0x73,
    0x6b, 0x20, 0x77, 0x6f, 0x72, 0x6b, 0x20, 0x63, 0x61, 0x6c, 0x6c, 0x20, 0x74, 0x72, 0x79, 0x20,
    0x6e, 0x65, 0x65, 0x64, 0x20, 0x66, 0x65, 0x65, 0x6c, 0x20, 0x73, 0x65, 0x65, 0x6d, 0x20, 0x77,
    0x61, 0x6e, 0x74, 0x20, 0x75, 0x73, 0x65, 0x20, 0x70, 0x75, 0x74, 0x20, 0x6b, 0x65, 0x65, 0x70,
    0x20, 0x6c, 0x65, 0x74, 0x20, 0x62, 0x65, 0x67, 0x69, 0x6e, 0x20, 0x73, 0x74, 0x61, 0x72, 0x74,
    0x20, 0x65, 0x6e, 0x64, 0x20, 0x68, 0x65, 0x6c, 0x70, 0x20, 0x74, 0x61, 0x6c, 0x6b, 0x20, 0x73,
    0x70, 0x65, 0x61, 0x6b, 0x20, 0x73, 0x61, 0x79, 0x20, 0x73, 0x61, 0x69, 0x64, 0x20, 0x68, 0x65,
    0x61, 0x72, 0x20, 0x6c, 0x69, 0x73, 0x74, 0x65, 0x6e, 0x20, 0x6c, 0x6f, 0x6f, 0x6b, 0x20, 0x77,
    0x61, 0x74, 0x63, 0x68, 0x20, 0x70, 0x6c, 0x61, 0x79, 0x20, 0x72, 0x75, 0x6e, 0x20, 0x6d, 0x6f,
    0x76, 0x65, 0x20, 0x6c, 0x69, 0x76, 0x65, 0x20, 0x62, 0x65, 0x6c, 0x69, 0x65, 0x76, 0x65, 0x20,
    0x68, 0x6f, 0x70, 0x65, 0x20, 0x77, 0x69, 0x73, 0x68, 0x20, 0x6c, 0x6f, 0x76, 0x65, 0x20, 0x68,
    0x61, 0x74, 0x65, 0x20, 0x6c, 0x69, 0x6b, 0x65, 0x20, 0x65, 0x6e, 0x6a, 0x6f, 0x79, 0x20, 0x70,
    0x72, 0x65, 0x66, 0x65, 0x72, 0x20, 0x61, 0x67, 0x72, 0x65, 0x65, 0x20, 0x73, 0x68, 0x61, 0x72,
    0x65, 0x20, 0x73, 0x65, 0x6e, 0x64, 0x20, 0x72, 0x65, 0x63, 0x65, 0x69, 0x76, 0x65, 0x20, 0x64,
    0x6f, 0x77, 0x6e, 0x6c, 0x6f, 0x61, 0x64, 0x20, 0x75, 0x70, 0x6c, 0x6f, 0x61, 0x64, 0x20, 0x63,
    0x6f, 0x6e, 0x6e, 0x65, 0x63, 0x74, 0x20, 0x64, 0x69, 0x73, 0x63, 0x6f, 0x6e, 0x6e, 0x65, 0x63,
    0x74, 0x20, 0x6a, 0x6f, 0x69, 0x6e, 0x20, 0x6c, 0x65, 0x61, 0x76, 0x65, 0x20, 0x69, 0x6e, 0x76,
    0x69, 0x74, 0x65, 0x20, 0x61, 0x63, 0x63, 0x65, 0x70, 0x74, 0x20, 0x72, 0x65, 0x6a, 0x65, 0x63,
    0x74, 0x20, 0x72, 0x65, 0x70, 0x6c, 0x79, 0x20, 0x72, 0x65, 0x73, 0x70, 0x6f, 0x6e, 0x64, 0x20,
    0x6d, 0x65, 0x73, 0x73, 0x61, 0x67, 0x65, 0x20, 0x63, 0x68, 0x61, 0x74, 0x20, 0x74, 0x65, 0x78,
    0x74, 0x20, 0x74, 0x69, 0x6d, 0x65, 0x20, 0x64, 0x61, 0x79, 0x20, 0x77, 0x65, 0x65, 0x6b, 0x20,
    0x6d, 0x6f, 0x6e, 0x74, 0x68, 0x20, 0x79, 0x65, 0x61, 0x72, 0x20, 0x68, 0x6f, 0x75, 0x72, 0x20,
    0x6d, 0x69, 0x6e, 0x75, 0x74, 0x65, 0x20, 0x73, 0x65, 0x63, 0x6f, 0x6e, 0x64, 0x20, 0x6d, 0x6f,
    0x72, 0x6e, 0x69, 0x6e, 0x67, 0x20, 0x61, 0x66, 0x74, 0x65, 0x72, 0x6e, 0x6f, 0x6f, 0x6e, 0x20,
    0x65, 0x76, 0x65, 0x6e, 0x69, 0x6e, 0x67, 0x20, 0x6e, 0x69, 0x67, 0x68, 0x74, 0x20, 0x74, 0x6f,
    0x64, 0x61, 0x79, 0x20, 0x74, 0x6f, 0x6d, 0x6f, 0x72, 0x72, 0x6f, 0x77, 0x20, 0x79, 0x65, 0x73,
    0x74, 0x65, 0x72, 0x64, 0x61, 0x79, 0x20, 0x6e, 0x6f, 0x77, 0x20, 0x70, 0x65, 0x6f, 0x70, 0x6c,
    0x65, 0x20, 0x70, 0x65, 0x72, 0x73, 0x6f, 0x6e, 0x20, 0x66, 0x72, 0x69, 0x65, 0x6e, 0x64, 0x20,
    0x66, 0x72, 0x69, 0x65, 0x6e, 0x64, 0x73, 0x20, 0x66, 0x61, 0x6d, 0x69, 0x6c, 0x79, 0x20, 0x68,
    0x6f, 0x6d, 0x65, 0x20, 0x77, 0x6f, 0x72, 0x6b, 0x20, 0x73, 0x63, 0x68, 0x6f, 0x6f, 0x6c, 0x20,
    0x70, 0x6c, 0x61, 0x63, 0x65, 0x20, 0x77, 0x6f, 0x72, 0x6c, 0x64, 0x20, 0x74, 0x68, 0x69, 0x6e,
    0x67, 0x20, 0x74, 0x68, 0x69, 0x6e, 0x67, 0x73, 0x20, 0x77, 0x61, 0x79, 0x20, 0x70, 0x61, 0x72,
    0x74, 0x20, 0x6b, 0x69, 0x6e, 0x64, 0x20, 0x74, 0x79, 0x70, 0x65, 0x20, 0x6e, 0x75, 0x6d, 0x62,
    0x65, 0x72, 0x20, 0x70, 0x72, 0x6f, 0x62, 0x6c, 0x65, 0x6d, 0x20, 0x71, 0x75, 0x65, 0x73, 0x74,
    0x69, 0x6f, 0x6e, 0x20, 0x61, 0x6e, 0x73, 0x77, 0x65, 0x72, 0x20, 0x69, 0x64, 0x65, 0x61, 0x20,
    0x74, 0x68, 0x6f, 0x75, 0x67, 0x68, 0x74, 0x20, 0x69, 0x6e, 0x66, 0x6f, 0x20, 0x6e, 0x65, 0x77,
    0x73, 0x20, 0x67, 0x72, 0x6f, 0x75, 0x70, 0x20, 0x72, 0x6f, 0x6f, 0x6d, 0x20, 0x63, 0x68, 0x61,
    0x6e, 0x6e, 0x65, 0x6c, 0x20, 0x73, 0x65, 0x72, 0x76, 0x65, 0x72, 0x20, 0x6e, 0x65, 0x74, 0x77,
    0x6f, 0x72, 0x6b, 0x20, 0x63, 0x6f, 0x6e, 0x6e, 0x65, 0x63, 0x74, 0x69, 0x6f, 0x6e, 0x20, 0x6c,
    0x69, 0x6e, 0x6b, 0x20, 0x66, 0x69, 0x6c, 0x65, 0x20, 0x66, 0x69, 0x6c, 0x65, 0x73, 0x20, 0x70,
    0x68, 0x6f, 0x74, 0x6f, 0x20, 0x70, 0x68, 0x6f, 0x74, 0x6f, 0x73, 0x20, 0x70, 0x69, 0x63, 0x74,
    0x75, 0x72, 0x65, 0x20, 0x69, 0x6d, 0x61, 0x67, 0x65, 0x20, 0x76, 0x69, 0x64, 0x65, 0x6f, 0x20,
    0x6d, 0x75, 0x73, 0x69, 0x63, 0x20, 0x73, 0x6f, 0x6e, 0x67, 0x20, 0x6d, 0x6f, 0x76, 0x69, 0x65,
    0x20, 0x67, 0x61, 0x6d, 0x65, 0x20, 0x67, 0x61, 0x6d, 0x65, 0x73, 0x20, 0x61, 0x70, 0x70, 0x20,
    0x61, 0x70, 0x70, 0x6c, 0x69, 0x63, 0x61, 0x74, 0x69, 0x6f, 0x6e, 0x20, 0x70, 0x72, 0x6f, 0x67,
    0x72, 0x61, 0x6d, 0x20, 0x73, 0x6f, 0x66, 0x74, 0x77, 0x61, 0x72, 0x65, 0x20, 0x70, 0x68, 0x6f,
    0x6e, 0x65, 0x20, 0x63, 0x6f, 0x6d, 0x70, 0x75, 0x74, 0x65, 0x72, 0x20, 0x6c, 0x61, 0x70, 0x74,
    0x6f, 0x70, 0x20, 0x69, 0x6e, 0x74, 0x65, 0x72, 0x6e, 0x65, 0x74, 0x20, 0x77, 0x65, 0x62, 0x20,
    0x73, 0x69, 0x74, 0x65, 0x20, 0x70, 0x61, 0x67, 0x65, 0x20, 0x65, 0x6d, 0x61, 0x69, 0x6c, 0x20,
    0x61, 0x63, 0x63, 0x6f, 0x75, 0x6e, 0x74, 0x20, 0x70, 0x61, 0x73, 0x73, 0x77, 0x6f, 0x72, 0x64,
    0x20, 0x75, 0x73, 0x65, 0x72, 0x6e, 0x61, 0x6d, 0x65, 0x20, 0x6e, 0x61, 0x6d, 0x65, 0x20, 0x74,
    0x69, 0x74, 0x6c, 0x65, 0x20, 0x77, 0x6f, 0x72, 0x64, 0x20, 0x77, 0x6f, 0x72, 0x64, 0x73, 0x20,
    0x6c, 0x61, 0x6e, 0x67, 0x75, 0x61, 0x67, 0x65, 0x20, 0x63, 0x6f, 0x64, 0x65, 0x20, 0x74, 0x65,
    0x73, 0x74, 0x20, 0x74, 0x65, 0x73, 0x74, 0x73, 0x20, 0x62, 0x75, 0x67, 0x20, 0x66, 0x69, 0x78,
    0x20, 0x75, 0x70, 0x64, 0x61, 0x74, 0x65, 0x20, 0x76, 0x65, 0x72, 0x73, 0x69, 0x6f, 0x6e, 0x20,
    0x66, 0x65, 0x61, 0x74, 0x75, 0x72, 0x65, 0x20, 0x72, 0x65, 0x6c, 0x65, 0x61, 0x73, 0x65, 0x20,
    0x64, 0x6f, 0x63, 0x20, 0x64, 0x6f, 0x63, 0x75, 0x6d, 0x65, 0x6e, 0x74, 0x20, 0x70, 0x64, 0x66,
    0x20, 0x75, 0x72, 0x6c, 0x20, 0x63, 0x61, 0x6c, 0x6c, 0x20, 0x6d, 0x65, 0x65, 0x74, 0x69, 0x6e,
    0x67, 0x20, 0x70, 0x61, 0x72, 0x74, 0x79, 0x20, 0x65, 0x76, 0x65, 0x6e, 0x74, 0x20, 0x70, 0x6c,
    0x61, 0x6e, 0x20, 0x74, 0x72, 0x69, 0x70, 0x20, 0x76, 0x61, 0x63, 0x61, 0x74, 0x69, 0x6f, 0x6e,
    0x20, 0x68, 0x6f, 0x6c, 0x69, 0x64, 0x61, 0x79, 0x20, 0x62, 0x69, 0x72, 0x74, 0x68, 0x64, 0x61,
    0x79, 0x20, 0x77, 0x65, 0x64, 0x64, 0x69, 0x6e, 0x67, 0x20, 0x64, 0x69, 0x6e, 0x6e, 0x65, 0x72,
    0x20, 0x6c, 0x75, 0x6e, 0x63, 0x68, 0x20, 0x62, 0x72, 0x65, 0x61, 0x6b, 0x66, 0x61, 0x73, 0x74,
    0x20, 0x63, 0x6f, 0x66, 0x66, 0x65, 0x65, 0x20, 0x66, 0x6f, 0x6f, 0x64, 0x20, 0x74, 0x68, 0x61,
    0x6e, 0x6b, 0x73, 0x20, 0x77, 0x65, 0x6c, 0x63, 0x6f, 0x6d, 0x65, 0x20, 0x67, 0x6f, 0x6f, 0x64,
    0x20, 0x67, 0x72, 0x65, 0x61, 0x74, 0x20, 0x61, 0x77, 0x65, 0x73, 0x6f, 0x6d, 0x65, 0x20, 0x63,
    0x6f, 0x6f, 0x6c, 0x20, 0x6e, 0x69, 0x63, 0x65, 0x20, 0x61, 0x6d, 0x61, 0x7a, 0x69, 0x6e, 0x67,
    0x20, 0x66, 0x61, 0x6e, 0x74, 0x61, 0x73, 0x74, 0x69, 0x63, 0x20, 0x70, 0x65, 0x72, 0x66, 0x65,
    0x63, 0x74, 0x20, 0x66, 0x69, 0x6e, 0x65, 0x20, 0x6f, 0x6b, 0x20, 0x6f, 0x6b, 0x61, 0x79, 0x20,
    0x73, 0x75, 0x72, 0x65, 0x20, 0x79, 0x65, 0x73, 0x20, 0x79, 0x65, 0x61, 0x68, 0x20, 0x79, 0x65,
    0x70, 0x20, 0x6e, 0x6f, 0x20, 0x6e, 0x6f, 0x70, 0x65, 0x20, 0x6e, 0x61, 0x68, 0x20, 0x6d, 0x61,
    0x79, 0x62, 0x65, 0x20, 0x6c, 0x61, 0x74, 0x65, 0x72, 0x20, 0x73, 0x6f, 0x6f, 0x6e, 0x20, 0x72,
    0x69, 0x67, 0x68, 0x74, 0x20, 0x77, 0x72, 0x6f, 0x6e, 0x67, 0x20, 0x74, 0x72, 0x75, 0x65, 0x20,
    0x66, 0x61, 0x6c, 0x73, 0x65, 0x20, 0x72, 0x65, 0x61, 0x6c, 0x20, 0x62, 0x69, 0x67, 0x20, 0x73,
    0x6d, 0x61, 0x6c, 0x6c, 0x20, 0x6c, 0x61, 0x72, 0x67, 0x65, 0x20, 0x6c, 0x69, 0x74, 0x74, 0x6c,
    0x65, 0x20, 0x6c, 0x6f, 0x6e, 0x67, 0x20, 0x73, 0x68, 0x6f, 0x72, 0x74, 0x20, 0x68, 0x69, 0x67,
    0x68, 0x20, 0x6c, 0x6f, 0x77, 0x20, 0x66, 0x61, 0x73, 0x74, 0x20, 0x73, 0x6c, 0x6f, 0x77, 0x20,
    0x65, 0x61, 0x73, 0x79, 0x20, 0x68, 0x61, 0x72, 0x64, 0x20, 0x73, 0x69, 0x6d, 0x70, 0x6c, 0x65,
    0x20, 0x6e, 0x65, 0x77, 0x20, 0x6f, 0x6c, 0x64, 0x20, 0x79, 0x6f, 0x75, 0x6e, 0x67, 0x20, 0x68,
    0x61, 0x70, 0x70, 0x79, 0x20, 0x73, 0x61, 0x64, 0x20, 0x74, 0x69, 0x72, 0x65, 0x64, 0x20, 0x62,
    0x75, 0x73, 0x79, 0x20, 0x66, 0x72, 0x65, 0x65, 0x20, 0x72, 0x65, 0x61, 0x64, 0x79, 0x20, 0x64,
    0x6f, 0x6e, 0x65, 0x20, 0x73, 0x6f, 0x72, 0x72, 0x79, 0x20, 0x70, 0x6c, 0x65, 0x61, 0x73, 0x65,
    0x20, 0x68, 0x65, 0x6c, 0x6c, 0x6f, 0x20, 0x68, 0x69, 0x20, 0x68, 0x65, 0x79, 0x20, 0x79, 0x6f,
    0x20, 0x62, 0x79, 0x65, 0x20, 0x67, 0x6f, 0x6f, 0x64, 0x62, 0x79, 0x65, 0x20, 0x48, 0x6f, 0x77,
    0x20, 0x48, 0x69, 0x20, 0x48, 0x65, 0x79, 0x20, 0x54, 0x68, 0x61, 0x6e, 0x6b, 0x73, 0x20, 0x54,
    0x68, 0x61, 0x6e, 0x6b, 0x20, 0x47, 0x6f, 0x6f, 0x64, 0x20, 0x48, 0x65, 0x6c, 0x6c, 0x6f, 0x20,
    0x50, 0x6c, 0x65, 0x61, 0x73, 0x65, 0x20, 0x53, 0x6f, 0x72, 0x72, 0x79, 0x20, 0x59, 0x65, 0x73,
    0x20, 0x4e, 0x6f, 0x20, 0x4f, 0x4b, 0x20, 0x4f, 0x6b, 0x61, 0x79, 0x20, 0x49, 0x27, 0x6d, 0x20,
    0x49, 0x27, 0x76, 0x65, 0x20, 0x49, 0x27, 0x6c, 0x6c, 0x20, 0x49, 0x27, 0x64, 0x20, 0x79, 0x6f,
    0x75, 0x27, 0x72, 0x65, 0x20, 0x79, 0x6f, 0x75, 0x27, 0x76, 0x65, 0x20, 0x79, 0x6f, 0x75, 0x27,
    0x6c, 0x6c, 0x20, 0x79, 0x6f, 0x75, 0x27, 0x64, 0x20, 0x68, 0x65, 0x27, 0x73, 0x20, 0x73, 0x68,
    0x65, 0x27, 0x73, 0x20, 0x69, 0x74, 0x27, 0x73, 0x20, 0x77, 0x65, 0x27, 0x72, 0x65, 0x20, 0x77,
    0x65, 0x27, 0x76, 0x65, 0x20, 0x77, 0x65, 0x27, 0x6c, 0x6c, 0x20, 0x74, 0x68, 0x65, 0x79, 0x27,
    0x72, 0x65, 0x20, 0x74, 0x68, 0x65, 0x79, 0x27, 0x76, 0x65, 0x20, 0x74, 0x68, 0x65, 0x79, 0x27,
    0x6c, 0x6c, 0x20, 0x64, 0x6f, 0x6e, 0x27, 0x74, 0x20, 0x64, 0x6f, 0x65, 0x73, 0x6e, 0x27, 0x74,
    0x20, 0x64, 0x69, 0x64, 0x6e, 0x27, 0x74, 0x20, 0x63, 0x61, 0x6e, 0x27, 0x74, 0x20, 0x77, 0x6f,
    0x6e, 0x27, 0x74, 0x20, 0x77, 0x6f, 0x75, 0x6c, 0x64, 0x6e, 0x27, 0x74, 0x20, 0x63, 0x6f, 0x75,
    0x6c, 0x64, 0x6e, 0x27, 0x74, 0x20, 0x73, 0x68, 0x6f, 0x75, 0x6c, 0x64, 0x6e, 0x27, 0x74, 0x20,
    0x69, 0x73, 0x6e, 0x27, 0x74, 0x20, 0x61, 0x72, 0x65, 0x6e, 0x27, 0x74, 0x20, 0x77, 0x61, 0x73,
    0x6e, 0x27, 0x74, 0x20, 0x77, 0x65, 0x72, 0x65, 0x6e, 0x27, 0x74, 0x20, 0x68, 0x61, 0x73, 0x6e,
    0x27, 0x74, 0x20, 0x68, 0x61, 0x76, 0x65, 0x6e, 0x27, 0x74, 0x20, 0x68, 0x61, 0x64, 0x6e, 0x27,
    0x74, 0x20, 0x74, 0x68, 0x61, 0x74, 0x27, 0x73, 0x20, 0x74, 0x68, 0x65, 0x72, 0x65, 0x27, 0x73,
    0x20, 0x68, 0x65, 0x72, 0x65, 0x27, 0x73, 0x20, 0x77, 0x68, 0x61, 0x74, 0x27, 0x73, 0x20, 0x77,
    0x68, 0x6f, 0x27, 0x73, 0x20, 0x6c, 0x65, 0x74, 0x27, 0x73, 0x20, 0x67, 0x6f, 0x6e, 0x6e, 0x61,
    0x20, 0x77, 0x61, 0x6e, 0x6e, 0x61, 0x20, 0x67, 0x6f, 0x74, 0x74, 0x61, 0x20, 0x6b, 0x69, 0x6e,
    0x64, 0x61, 0x20, 0x68, 0x6f, 0x77, 0x20, 0x61, 0x72, 0x65, 0x20, 0x79, 0x6f, 0x75, 0x20, 0x68,
    0x6f, 0x77, 0x27, 0x73, 0x20, 0x69, 0x74, 0x20, 0x67, 0x6f, 0x69, 0x6e, 0x67, 0x20, 0x77, 0x68,
    0x61, 0x74, 0x27, 0x73, 0x20, 0x75, 0x70, 0x20, 0x67, 0x6f, 0x6f, 0x64, 0x20, 0x6d, 0x6f, 0x72,
    0x6e, 0x69, 0x6e, 0x67, 0x20, 0x67, 0x6f, 0x6f, 0x64, 0x20, 0x61, 0x66, 0x74, 0x65, 0x72, 0x6e,
    0x6f, 0x6f, 0x6e, 0x20, 0x67, 0x6f, 0x6f, 0x64, 0x20, 0x65, 0x76, 0x65, 0x6e, 0x69, 0x6e, 0x67,
    0x20, 0x67, 0x6f, 0x6f, 0x64, 0x20, 0x6e, 0x69, 0x67, 0x68, 0x74, 0x20, 0x74, 0x68, 0x61, 0x6e,
    0x6b, 0x20, 0x79, 0x6f, 0x75, 0x20, 0x74, 0x68, 0x61, 0x6e, 0x6b, 0x73, 0x20, 0x66, 0x6f, 0x72,
    0x20, 0x73, 0x65, 0x65, 0x20, 0x79, 0x6f, 0x75, 0x20, 0x6c, 0x61, 0x74, 0x65, 0x72, 0x20, 0x74,
    0x61, 0x6c, 0x6b, 0x20, 0x74, 0x6f, 0x20, 0x79, 0x6f, 0x75, 0x20, 0x6c, 0x61, 0x74, 0x65, 0x72,
    0x20, 0x6e, 0x6f, 0x20, 0x70, 0x72, 0x6f, 0x62, 0x6c, 0x65, 0x6d, 0x20, 0x79, 0x6f, 0x75, 0x27,
    0x72, 0x65, 0x20, 0x77, 0x65, 0x6c, 0x63, 0x6f, 0x6d, 0x65, 0x20, 0x6f, 0x66, 0x20, 0x63, 0x6f,
    0x75, 0x72, 0x73, 0x65, 0x20, 0x49, 0x20, 0x64, 0x6f, 0x6e, 0x27, 0x74, 0x20, 0x6b, 0x6e, 0x6f,
    0x77, 0x20, 0x49, 0x20, 0x74, 0x68, 0x69, 0x6e, 0x6b, 0x20, 0x49, 0x20, 0x6d, 0x65, 0x61, 0x6e,
    0x20, 0x6c, 0x65, 0x74, 0x20, 0x6d, 0x65, 0x20, 0x6b, 0x6e, 0x6f, 0x77, 0x20, 0x62, 0x79, 0x20,
    0x74, 0x68, 0x65, 0x20, 0x77, 0x61, 0x79, 0x20, 0x61, 0x20, 0x6c, 0x6f, 0x74, 0x20, 0x6f, 0x66,
    0x20, 0x61, 0x20, 0x6c, 0x69, 0x74, 0x74, 0x6c, 0x65, 0x20, 0x62, 0x69, 0x74, 0x20, 0x72, 0x69,
    0x67, 0x68, 0x74, 0x20, 0x6e, 0x6f, 0x77, 0x20, 0x69, 0x6e, 0x20, 0x74, 0x68, 0x65, 0x20, 0x6f,
    0x6e, 0x20, 0x74, 0x68, 0x65, 0x20, 0x74, 0x6f, 0x20, 0x74, 0x68, 0x65, 0x20, 0x61, 0x6e, 0x64,
    0x20, 0x74, 0x68, 0x65, 0x20, 0x66, 0x6f, 0x72, 0x20, 0x74, 0x68, 0x65, 0x20, 0x6f, 0x66, 0x20,
    0x74, 0x68, 0x65, 0x20, 0x77, 0x69, 0x74, 0x68, 0x20, 0x74, 0x68, 0x65, 0x20, 0x61, 0x74, 0x20,
    0x74, 0x68, 0x65, 0x20, 0x66, 0x72, 0x6f, 0x6d, 0x20, 0x74, 0x68, 0x65, 0x20, 0x69, 0x73, 0x20,
    0x74, 0x68, 0x65, 0x20, 0x69, 0x74, 0x27, 0x73, 0x20, 0x61, 0x20, 0x74, 0x68, 0x69, 0x73, 0x20,
    0x69, 0x73, 0x20, 0x74, 0x68, 0x61, 0x74, 0x20, 0x69, 0x73, 0x20, 0x69, 0x74, 0x20, 0x77, 0x61,
    0x73, 0x20, 0x77, 0x65, 0x20, 0x61, 0x72, 0x65, 0x20, 0x79, 0x6f, 0x75, 0x20, 0x61, 0x72, 0x65,
    0x20, 0x74, 0x68, 0x65, 0x79, 0x20, 0x61, 0x72, 0x65, 0x20, 0x49, 0x20, 0x61, 0x6d, 0x20, 0x49,
    0x20, 0x77, 0x61, 0x73, 0x20, 0x6c, 0x6f, 0x6e, 0x67, 0x20, 0x74, 0x69, 0x6d, 0x65, 0x20, 0x6e,
    0x6f, 0x20, 0x73, 0x65, 0x65, 0x20, 0x6e, 0x69, 0x63, 0x65, 0x20, 0x74, 0x6f, 0x20, 0x6d, 0x65,
    0x65, 0x74, 0x20, 0x79, 0x6f, 0x75, 0x20, 0x68, 0x61, 0x76, 0x65, 0x20, 0x61, 0x20, 0x67, 0x6f,
    0x6f, 0x64, 0x20, 0x64, 0x61, 0x79, 0x20, 0x74, 0x61, 0x6b, 0x65, 0x20, 0x63, 0x61, 0x72, 0x65,
    0x20, 0x73, 0x6f, 0x75, 0x6e, 0x64, 0x73, 0x20, 0x67, 0x6f, 0x6f, 0x64, 0x20, 0x74, 0x68, 0x61,
    0x74, 0x20, 0x6d, 0x61, 0x6b, 0x65, 0x73, 0x20, 0x73, 0x65, 0x6e, 0x73, 0x65, 0x20, 0x6c, 0x6f,
    0x6c, 0x20, 0x6f, 0x6d, 0x67, 0x20, 0x69, 0x64, 0x6b, 0x20, 0x74, 0x62, 0x68, 0x20, 0x62, 0x74,
    0x77, 0x20, 0x66, 0x79, 0x69, 0x20, 0x62, 0x72, 0x62, 0x20, 0x69, 0x6d, 0x6f, 0x20, 0x61, 0x66,
    0x61, 0x69, 0x6b, 0x20, 0x61, 0x73, 0x61, 0x70, 0x20, 0x61, 0x6e, 0x6f, 0x74, 0x68, 0x65, 0x72,
    0x20, 0x61, 0x6e, 0x79, 0x6f, 0x6e, 0x65, 0x20, 0x61, 0x6e, 0x79, 0x74, 0x68, 0x69, 0x6e, 0x67,
    0x20, 0x61, 0x72, 0x65, 0x61, 0x20, 0x61, 0x72, 0x6f, 0x75, 0x6e, 0x64, 0x20, 0x63, 0x69, 0x74,
    0x79, 0x20, 0x63, 0x6c, 0x61, 0x73, 0x73, 0x20, 0x64, 0x6f, 0x6f, 0x72, 0x20, 0x64, 0x6f, 0x77,
    0x6e, 0x20, 0x63, 0x68, 0x65, 0x63, 0x6b, 0x69, 0x6e, 0x67, 0x20, 0x65, 0x76, 0x65, 0x72, 0x79,
    0x6f, 0x6e, 0x65, 0x20, 0x77, 0x65, 0x61, 0x74, 0x68, 0x65, 0x72, 0x20, 0x66, 0x69, 0x6e, 0x61,
    0x6c, 0x6c, 0x79, 0x20, 0x67, 0x65, 0x74, 0x74, 0x69, 0x6e, 0x67, 0x20, 0x70, 0x6f, 0x73, 0x74,
    0x65, 0x64, 0x20, 0x61, 0x70, 0x70, 0x72, 0x65, 0x63, 0x69, 0x61, 0x74, 0x65, 0x20, 0x61, 0x6c,
    0x6d, 0x6f, 0x73, 0x74, 0x20, 0x77, 0x65, 0x65, 0x6b, 0x65, 0x6e, 0x64, 0x20, 0x63, 0x68, 0x61,
    0x6e, 0x63, 0x65, 0x20, 0x72, 0x75, 0x73, 0x68, 0x20, 0x77, 0x61, 0x6c, 0x6b, 0x20, 0x74, 0x6f,
    0x6d, 0x6f, 0x72, 0x72, 0x6f, 0x77, 0x20, 0x72, 0x65, 0x70, 0x6f, 0x72, 0x74, 0x20, 0x66, 0x69,
    0x6e, 0x69, 0x73, 0x68, 0x20, 0x73, 0x65, 0x63, 0x74, 0x69, 0x6f, 0x6e, 0x20, 0x6f, 0x70, 0x65,
    0x6e, 0x20, 0x73, 0x6c, 0x69, 0x64, 0x65, 0x73, 0x20, 0x66, 0x6f, 0x6c, 0x64, 0x65, 0x72, 0x20,
    0x6d, 0x6f, 0x75, 0x6e, 0x74, 0x61, 0x69, 0x6e, 0x73, 0x20, 0x53, 0x61, 0x74, 0x75, 0x72, 0x64,
    0x61, 0x79, 0x20, 0x61, 0x66, 0x74, 0x65, 0x72, 0x6e, 0x6f, 0x6f, 0x6e, 0x20, 0x73, 0x70, 0x72,
    0x65, 0x61, 0x64, 0x73, 0x68, 0x65, 0x65, 0x74, 0x20, 0x63, 0x6c, 0x69, 0x65, 0x6e, 0x74, 0x20,
    0x66, 0x65, 0x61, 0x74, 0x75, 0x72, 0x65, 0x20, 0x6c, 0x69, 0x6d, 0x69, 0x74, 0x20, 0x67, 0x72,
    0x6f, 0x63, 0x65, 0x72, 0x69, 0x65, 0x73, 0x20, 0x70, 0x6c, 0x75, 0x6d, 0x62, 0x65, 0x72, 0x20,
    0x6b, 0x69, 0x74, 0x63, 0x68, 0x65, 0x6e, 0x20, 0x73, 0x69, 0x6e, 0x6b, 0x20, 0x76, 0x65, 0x72,
    0x73, 0x69, 0x6f, 0x6e, 0x20, 0x66, 0x69, 0x78, 0x65, 0x73, 0x20, 0x63, 0x6f, 0x6e, 0x6e, 0x65,
    0x63, 0x74, 0x69, 0x6f, 0x6e, 0x20, 0x69, 0x73, 0x73, 0x75, 0x65, 0x73, 0x20, 0x74, 0x68, 0x65,
    0x6d, 0x65, 0x20, 0x68, 0x6f, 0x75, 0x72, 0x73, 0x20, 0x6f, 0x6e, 0x6c, 0x69, 0x6e, 0x65, 0x20,
    0x64, 0x6f, 0x75, 0x62, 0x6c, 0x65, 0x20, 0x68, 0x65, 0x61, 0x72, 0x64, 0x20, 0x77, 0x6f, 0x72,
    0x6b, 0x69, 0x6e, 0x67, 0x20, 0x6c, 0x65, 0x74, 0x73, 0x20, 0x77, 0x69, 0x74, 0x68, 0x6f, 0x75,
    0x74, 0x20, 0x73, 0x69, 0x7a, 0x65, 0x20, 0x62, 0x65, 0x74, 0x74, 0x65, 0x72, 0x20, 0x6c, 0x6f,
    0x6f, 0x6b, 0x73, 0x20, 0x73, 0x68, 0x69, 0x70, 0x70, 0x65, 0x64, 0x20, 0x61, 0x64, 0x64, 0x73,
    0x20, 0x64, 0x61, 0x72, 0x6b, 0x20, 0x66, 0x69, 0x6e, 0x69, 0x73, 0x68, 0x65, 0x64, 0x20, 0x65,
    0x6c, 0x73, 0x65, 0x20, 0x75, 0x70, 0x6c, 0x6f, 0x61, 0x64, 0x65, 0x64, 0x20, 0x66, 0x72, 0x69,
    0x64, 0x61, 0x79, 0x20, 0x73, 0x6f, 0x6d, 0x65, 0x74, 0x69, 0x6d, 0x65, 0x20, 0x65, 0x72, 0x72,
    0x61, 0x6e, 0x64, 0x73, 0x20, 0x6a, 0x6f, 0x69, 0x6e, 0x65, 0x64, 0x20, 0x6d, 0x69, 0x6e, 0x75,
    0x74, 0x65, 0x73, 0x20, 0x64, 0x65, 0x61, 0x6c, 0x20, 0x74, 0x68, 0x65, 0x6d, 0x20, 0x61, 0x6e,
    0x79, 0x20, 0x74, 0x65, 0x6e, 0x20, 0x74, 0x77, 0x6f, 0x20, 0x68, 0x65, 0x72, 0x65, 0x20,
    // ── Section A2: common multi-word chat phrases ──
    0x74, 0x68, 0x61, 0x6e, 0x6b, 0x73, 0x20, 0x66, 0x6f, 0x72, 0x20, 0x74, 0x68, 0x65, 0x20, 0x6c,
    0x65, 0x74, 0x20, 0x6d, 0x65, 0x20, 0x6b, 0x6e, 0x6f, 0x77, 0x20, 0x49, 0x20, 0x74, 0x68, 0x69,
    0x6e, 0x6b, 0x20, 0x77, 0x65, 0x20, 0x73, 0x68, 0x6f, 0x75, 0x6c, 0x64, 0x20, 0x63, 0x61, 0x6e,
    0x20, 0x79, 0x6f, 0x75, 0x20, 0x73, 0x65, 0x6e, 0x64, 0x20, 0x6d, 0x65, 0x20, 0x64, 0x69, 0x64,
    0x20, 0x79, 0x6f, 0x75, 0x20, 0x73, 0x65, 0x65, 0x20, 0x49, 0x20, 0x77, 0x61, 0x73, 0x20, 0x6c,
    0x6f, 0x6f, 0x6b, 0x69, 0x6e, 0x67, 0x20, 0x61, 0x74, 0x20, 0x67, 0x65, 0x74, 0x20, 0x62, 0x61,
    0x63, 0x6b, 0x20, 0x74, 0x6f, 0x20, 0x79, 0x6f, 0x75, 0x20, 0x6e, 0x6f, 0x20, 0x72, 0x75, 0x73,
    0x68, 0x20, 0x61, 0x74, 0x20, 0x61, 0x6c, 0x6c, 0x20, 0x74, 0x61, 0x6b, 0x65, 0x20, 0x61, 0x20,
    0x6c, 0x6f, 0x6f, 0x6b, 0x20, 0x68, 0x61, 0x76, 0x65, 0x20, 0x61, 0x20, 0x67, 0x6f, 0x6f, 0x64,
    0x20, 0x73, 0x65, 0x65, 0x20, 0x79, 0x6f, 0x75, 0x20, 0x6c, 0x61, 0x74, 0x65, 0x72, 0x20, 0x74,
    0x61, 0x6c, 0x6b, 0x20, 0x74, 0x6f, 0x20, 0x79, 0x6f, 0x75, 0x20, 0x6c, 0x61, 0x74, 0x65, 0x72,
    0x20, 0x68, 0x6f, 0x77, 0x20, 0x69, 0x73, 0x20, 0x69, 0x74, 0x20, 0x67, 0x6f, 0x69, 0x6e, 0x67,
    0x20, 0x77, 0x68, 0x61, 0x74, 0x20, 0x64, 0x6f, 0x20, 0x79, 0x6f, 0x75, 0x20, 0x74, 0x68, 0x69,
    0x6e, 0x6b, 0x20, 0x49, 0x20, 0x64, 0x6f, 0x6e, 0x27, 0x74, 0x20, 0x6b, 0x6e, 0x6f, 0x77, 0x20,
    0x49, 0x27, 0x6d, 0x20, 0x6e, 0x6f, 0x74, 0x20, 0x73, 0x75, 0x72, 0x65, 0x20, 0x74, 0x68, 0x61,
    0x74, 0x20, 0x6d, 0x61, 0x6b, 0x65, 0x73, 0x20, 0x73, 0x65, 0x6e, 0x73, 0x65, 0x20, 0x73, 0x6f,
    0x75, 0x6e, 0x64, 0x73, 0x20, 0x67, 0x6f, 0x6f, 0x64, 0x20, 0x77, 0x6f, 0x72, 0x6b, 0x73, 0x20,
    0x66, 0x6f, 0x72, 0x20, 0x6d, 0x65, 0x20, 0x6e, 0x6f, 0x20, 0x70, 0x72, 0x6f, 0x62, 0x6c, 0x65,
    0x6d, 0x20, 0x79, 0x6f, 0x75, 0x27, 0x72, 0x65, 0x20, 0x77, 0x65, 0x6c, 0x63, 0x6f, 0x6d, 0x65,
    0x20, 0x6f, 0x66, 0x20, 0x63, 0x6f, 0x75, 0x72, 0x73, 0x65, 0x20, 0x62, 0x79, 0x20, 0x74, 0x68,
    0x65, 0x20, 0x77, 0x61, 0x79, 0x20, 0x72, 0x69, 0x67, 0x68, 0x74, 0x20, 0x6e, 0x6f, 0x77, 0x20,
    0x61, 0x20, 0x6c, 0x6f, 0x74, 0x20, 0x6f, 0x66, 0x20, 0x61, 0x20, 0x6c, 0x69, 0x74, 0x74, 0x6c,
    0x65, 0x20, 0x62, 0x69, 0x74, 0x20, 0x69, 0x6e, 0x20, 0x74, 0x68, 0x65, 0x20, 0x6d, 0x6f, 0x72,
    0x6e, 0x69, 0x6e, 0x67, 0x20, 0x69, 0x6e, 0x20, 0x74, 0x68, 0x65, 0x20, 0x61, 0x66, 0x74, 0x65,
    0x72, 0x6e, 0x6f, 0x6f, 0x6e, 0x20, 0x69, 0x6e, 0x20, 0x74, 0x68, 0x65, 0x20, 0x65, 0x76, 0x65,
    0x6e, 0x69, 0x6e, 0x67, 0x20, 0x74, 0x6f, 0x6d, 0x6f, 0x72, 0x72, 0x6f, 0x77, 0x20, 0x6d, 0x6f,
    0x72, 0x6e, 0x69, 0x6e, 0x67, 0x20, 0x74, 0x68, 0x69, 0x73, 0x20, 0x77, 0x65, 0x65, 0x6b, 0x65,
    0x6e, 0x64, 0x20, 0x6e, 0x65, 0x78, 0x74, 0x20, 0x77, 0x65, 0x65, 0x6b, 0x20, 0x6c, 0x61, 0x73,
    0x74, 0x20, 0x6e, 0x69, 0x67, 0x68, 0x74, 0x20, 0x65, 0x61, 0x72, 0x6c, 0x69, 0x65, 0x72, 0x20,
    0x74, 0x6f, 0x64, 0x61, 0x79, 0x20, 0x74, 0x68, 0x65, 0x20, 0x6e, 0x65, 0x77, 0x20, 0x76, 0x65,
    0x72, 0x73, 0x69, 0x6f, 0x6e, 0x20, 0x74, 0x68, 0x65, 0x20, 0x6e, 0x65, 0x77, 0x20, 0x66, 0x65,
    0x61, 0x74, 0x75, 0x72, 0x65, 0x20, 0x74, 0x68, 0x65, 0x20, 0x6d, 0x65, 0x65, 0x74, 0x69, 0x6e,
    0x67, 0x20, 0x74, 0x68, 0x65, 0x20, 0x72, 0x65, 0x70, 0x6f, 0x72, 0x74, 0x20, 0x74, 0x68, 0x65,
    0x20, 0x66, 0x69, 0x6c, 0x65, 0x73, 0x20, 0x74, 0x68, 0x65, 0x20, 0x6d, 0x65, 0x73, 0x73, 0x61,
    0x67, 0x65, 0x20, 0x74, 0x68, 0x65, 0x20, 0x75, 0x70, 0x64, 0x61, 0x74, 0x65, 0x20, 0x74, 0x68,
    0x65, 0x20, 0x63, 0x6f, 0x6e, 0x6e, 0x65, 0x63, 0x74, 0x69, 0x6f, 0x6e, 0x20, 0x74, 0x68, 0x65,
    0x20, 0x73, 0x65, 0x72, 0x76, 0x65, 0x72, 0x20, 0x74, 0x68, 0x65, 0x20, 0x6e, 0x65, 0x74, 0x77,
    0x6f, 0x72, 0x6b, 0x20, 0x6f, 0x75, 0x74, 0x20, 0x6e, 0x6f, 0x77, 0x20, 0x62, 0x61, 0x63, 0x6b,
    0x20, 0x6f, 0x6e, 0x6c, 0x69, 0x6e, 0x65, 0x20, 0x64, 0x6f, 0x75, 0x62, 0x6c, 0x65, 0x20, 0x63,
    0x68, 0x65, 0x63, 0x6b, 0x20, 0x74, 0x68, 0x65, 0x20, 0x6e, 0x75, 0x6d, 0x62, 0x65, 0x72, 0x73,
    0x20, 0x74, 0x68, 0x65, 0x20, 0x73, 0x70, 0x72, 0x65, 0x61, 0x64, 0x73, 0x68, 0x65, 0x65, 0x74,
    0x20, 0x73, 0x68, 0x61, 0x72, 0x65, 0x20, 0x66, 0x69, 0x6c, 0x65, 0x73, 0x20, 0x66, 0x69, 0x6c,
    0x65, 0x20, 0x73, 0x68, 0x61, 0x72, 0x69, 0x6e, 0x67, 0x20, 0x74, 0x68, 0x65, 0x20, 0x73, 0x68,
    0x61, 0x72, 0x65, 0x64, 0x20, 0x66, 0x6f, 0x6c, 0x64, 0x65, 0x72, 0x20, 0x74, 0x68, 0x65, 0x20,
    0x6b, 0x69, 0x74, 0x63, 0x68, 0x65, 0x6e, 0x20, 0x70, 0x69, 0x63, 0x6b, 0x20, 0x75, 0x70, 0x20,
    0x73, 0x6f, 0x6d, 0x65, 0x20, 0x6f, 0x6e, 0x20, 0x74, 0x68, 0x65, 0x20, 0x77, 0x61, 0x79, 0x20,
    0x68, 0x6f, 0x6d, 0x65, 0x20, 0x74, 0x68, 0x65, 0x20, 0x63, 0x6c, 0x69, 0x65, 0x6e, 0x74, 0x20,
    0x74, 0x68, 0x65, 0x20, 0x70, 0x72, 0x6f, 0x6a, 0x65, 0x63, 0x74, 0x20, 0x74, 0x68, 0x65, 0x20,
    0x74, 0x65, 0x61, 0x6d, 0x20, 0x74, 0x68, 0x65, 0x20, 0x67, 0x72, 0x6f, 0x75, 0x70, 0x20, 0x74,
    0x68, 0x65, 0x20, 0x72, 0x6f, 0x6f, 0x6d, 0x20, 0x67, 0x6f, 0x69, 0x6e, 0x67, 0x20, 0x74, 0x6f,
    0x20, 0x77, 0x61, 0x6e, 0x74, 0x20, 0x74, 0x6f, 0x20, 0x6e, 0x65, 0x65, 0x64, 0x20, 0x74, 0x6f,
    0x20, 0x68, 0x61, 0x76, 0x65, 0x20, 0x74, 0x6f, 0x20, 0x74, 0x72, 0x79, 0x20, 0x74, 0x6f, 0x20,
    0x67, 0x6f, 0x69, 0x6e, 0x67, 0x20, 0x6f, 0x6e, 0x20, 0x77, 0x6f, 0x72, 0x6b, 0x69, 0x6e, 0x67,
    0x20, 0x6f, 0x6e, 0x20, 0x6c, 0x6f, 0x6f, 0x6b, 0x69, 0x6e, 0x67, 0x20, 0x61, 0x74, 0x20, 0x6f,
    0x6e, 0x20, 0x6d, 0x79, 0x20, 0x77, 0x61, 0x79, 0x20, 0x69, 0x6e, 0x20, 0x61, 0x20, 0x62, 0x69,
    0x74, 0x20, 0x69, 0x6e, 0x20, 0x61, 0x20, 0x73, 0x65, 0x63, 0x20, 0x61, 0x20, 0x63, 0x6f, 0x75,
    0x70, 0x6c, 0x65, 0x20, 0x6f, 0x66, 0x20, 0x61, 0x20, 0x6c, 0x6f, 0x74, 0x20, 0x6c, 0x6f, 0x74,
    0x73, 0x20, 0x6f, 0x66, 0x20, 0x61, 0x20, 0x62, 0x69, 0x74, 0x20, 0x61, 0x20, 0x6c, 0x69, 0x74,
    0x74, 0x6c, 0x65, 0x20, 0x70, 0x72, 0x65, 0x74, 0x74, 0x79, 0x20, 0x67, 0x6f, 0x6f, 0x64, 0x20,
    0x72, 0x65, 0x61, 0x6c, 0x6c, 0x79, 0x20, 0x67, 0x6f, 0x6f, 0x64, 0x20, 0x73, 0x6f, 0x20, 0x67,
    0x6f, 0x6f, 0x64, 0x20, 0x76, 0x65, 0x72, 0x79, 0x20, 0x6e, 0x69, 0x63, 0x65, 0x20, 0x74, 0x68,
    0x61, 0x74, 0x27, 0x73, 0x20, 0x66, 0x69, 0x6e, 0x65, 0x20, 0x74, 0x68, 0x61, 0x74, 0x27, 0x73,
    0x20, 0x6f, 0x6b, 0x20, 0x6e, 0x6f, 0x20, 0x77, 0x6f, 0x72, 0x72, 0x69, 0x65, 0x73, 0x20, 0x61,
    0x6c, 0x6c, 0x20, 0x67, 0x6f, 0x6f, 0x64, 0x20, 0x61, 0x6c, 0x6c, 0x20, 0x72, 0x69, 0x67, 0x68,
    0x74, 0x20, 0x6e, 0x6f, 0x20, 0x77, 0x61, 0x79, 0x20, 0x66, 0x6f, 0x72, 0x20, 0x73, 0x75, 0x72,
    0x65, 0x20, 0x70, 0x72, 0x6f, 0x62, 0x61, 0x62, 0x6c, 0x79, 0x20, 0x6d, 0x61, 0x79, 0x62, 0x65,
    0x20, 0x6c, 0x61, 0x74, 0x65, 0x72, 0x20, 0x72, 0x69, 0x67, 0x68, 0x74, 0x20, 0x61, 0x77, 0x61,
    0x79, 0x20, 0x61, 0x73, 0x20, 0x73, 0x6f, 0x6f, 0x6e, 0x20, 0x61, 0x73, 0x20, 0x61, 0x74, 0x20,
    0x74, 0x68, 0x65, 0x20, 0x6d, 0x6f, 0x6d, 0x65, 0x6e, 0x74, 0x20, 0x61, 0x74, 0x20, 0x74, 0x68,
    0x65, 0x20, 0x73, 0x61, 0x6d, 0x65, 0x20, 0x74, 0x69, 0x6d, 0x65, 0x20, 0x6e, 0x65, 0x78, 0x74,
    0x20, 0x74, 0x69, 0x6d, 0x65, 0x20, 0x6c, 0x61, 0x73, 0x74, 0x20, 0x74, 0x69, 0x6d, 0x65, 0x20,
    0x66, 0x69, 0x72, 0x73, 0x74, 0x20, 0x74, 0x69, 0x6d, 0x65, 0x20, 0x74, 0x68, 0x69, 0x73, 0x20,
    0x6d, 0x6f, 0x72, 0x6e, 0x69, 0x6e, 0x67, 0x20, 0x74, 0x68, 0x69, 0x73, 0x20, 0x61, 0x66, 0x74,
    0x65, 0x72, 0x6e, 0x6f, 0x6f, 0x6e, 0x20, 0x74, 0x68, 0x69, 0x73, 0x20, 0x65, 0x76, 0x65, 0x6e,
    0x69, 0x6e, 0x67, 0x20, 0x74, 0x6f, 0x6e, 0x69, 0x67, 0x68, 0x74, 0x20, 0x79, 0x65, 0x73, 0x74,
    0x65, 0x72, 0x64, 0x61, 0x79, 0x20, 0x6e, 0x65, 0x78, 0x74, 0x20, 0x6d, 0x6f, 0x6e, 0x74, 0x68,
    0x20, 0x6c, 0x61, 0x73, 0x74, 0x20, 0x6d, 0x6f, 0x6e, 0x74, 0x68, 0x20, 0x74, 0x68, 0x69, 0x73,
    0x20, 0x79, 0x65, 0x61, 0x72, 0x20, 0x6e, 0x65, 0x78, 0x74, 0x20, 0x79, 0x65, 0x61, 0x72, 0x20,
    0x6c, 0x61, 0x73, 0x74, 0x20, 0x79, 0x65, 0x61, 0x72, 0x20, 0x6e, 0x6f, 0x74, 0x20, 0x79, 0x65,
    0x74, 0x20, 0x61, 0x6e, 0x79, 0x77, 0x61, 0x79, 0x20, 0x77, 0x68, 0x61, 0x74, 0x65, 0x76, 0x65,
    0x72, 0x20, 0x65, 0x76, 0x65, 0x72, 0x79, 0x74, 0x68, 0x69, 0x6e, 0x67, 0x20, 0x73, 0x6f, 0x6d,
    0x65, 0x74, 0x68, 0x69, 0x6e, 0x67, 0x20, 0x61, 0x6e, 0x79, 0x74, 0x68, 0x69, 0x6e, 0x67, 0x20,
    0x6e, 0x6f, 0x74, 0x68, 0x69, 0x6e, 0x67, 0x20, 0x67, 0x65, 0x6e, 0x65, 0x72, 0x61, 0x6c, 0x20,
    0x63, 0x6f, 0x6e, 0x76, 0x65, 0x72, 0x73, 0x61, 0x74, 0x69, 0x6f, 0x6e, 0x20, 0x61, 0x62, 0x6f,
    0x75, 0x74, 0x20, 0x61, 0x6e, 0x79, 0x74, 0x68, 0x69, 0x6e, 0x67, 0x20, 0x61, 0x6e, 0x64, 0x20,
    0x65, 0x76, 0x65, 0x72, 0x79, 0x74, 0x68, 0x69, 0x6e, 0x67, 0x20, 0x64, 0x69, 0x73, 0x63, 0x75,
    0x73, 0x73, 0x69, 0x6f, 0x6e, 0x20, 0x61, 0x62, 0x6f, 0x75, 0x74, 0x20, 0x64, 0x65, 0x76, 0x65,
    0x6c, 0x6f, 0x70, 0x6d, 0x65, 0x6e, 0x74, 0x20, 0x6e, 0x65, 0x74, 0x77, 0x6f, 0x72, 0x6b, 0x69,
    0x6e, 0x67, 0x20, 0x63, 0x68, 0x65, 0x63, 0x6b, 0x69, 0x6e, 0x67, 0x20, 0x69, 0x6e, 0x20, 0x68,
    0x6f, 0x77, 0x20, 0x69, 0x73, 0x20, 0x65, 0x76, 0x65, 0x72, 0x79, 0x6f, 0x6e, 0x65, 0x20, 0x64,
    0x6f, 0x69, 0x6e, 0x67, 0x20, 0x74, 0x6f, 0x64, 0x61, 0x79, 0x20, 0x74, 0x68, 0x69, 0x6e, 0x6b,
    0x69, 0x6e, 0x67, 0x20, 0x61, 0x62, 0x6f, 0x75, 0x74, 0x20, 0x68, 0x65, 0x61, 0x64, 0x69, 0x6e,
    0x67, 0x20, 0x6f, 0x75, 0x74, 0x20, 0x69, 0x66, 0x20, 0x61, 0x6e, 0x79, 0x74, 0x68, 0x69, 0x6e,
    0x67, 0x20, 0x63, 0x6f, 0x6d, 0x65, 0x73, 0x20, 0x75, 0x70, 0x20, 0x6c, 0x65, 0x61, 0x76, 0x65,
    0x20, 0x61, 0x20, 0x6d, 0x65, 0x73, 0x73, 0x61, 0x67, 0x65, 0x20, 0x74, 0x68, 0x61, 0x74, 0x20,
    0x73, 0x6f, 0x75, 0x6e, 0x64, 0x73, 0x20, 0x6c, 0x69, 0x6b, 0x65, 0x20, 0x61, 0x20, 0x67, 0x72,
    0x65, 0x61, 0x74, 0x20, 0x69, 0x64, 0x65, 0x61, 0x20, 0x6c, 0x65, 0x74, 0x27, 0x73, 0x20, 0x64,
    0x6f, 0x20, 0x69, 0x74, 0x20, 0x63, 0x68, 0x65, 0x63, 0x6b, 0x20, 0x6d, 0x79, 0x20, 0x73, 0x63,
    0x68, 0x65, 0x64, 0x75, 0x6c, 0x65, 0x20, 0x77, 0x68, 0x61, 0x74, 0x20, 0x77, 0x6f, 0x72, 0x6b,
    0x73, 0x20, 0x62, 0x65, 0x73, 0x74, 0x20, 0x77, 0x68, 0x65, 0x6e, 0x20, 0x79, 0x6f, 0x75, 0x20,
    0x67, 0x65, 0x74, 0x20, 0x61, 0x20, 0x63, 0x68, 0x61, 0x6e, 0x63, 0x65, 0x20, 0x67, 0x65, 0x74,
    0x20, 0x74, 0x6f, 0x67, 0x65, 0x74, 0x68, 0x65, 0x72, 0x20, 0x63, 0x61, 0x74, 0x63, 0x68, 0x20,
    0x75, 0x70, 0x20, 0x77, 0x61, 0x79, 0x20, 0x74, 0x6f, 0x6f, 0x20, 0x6c, 0x6f, 0x6e, 0x67, 0x20,
    0x73, 0x69, 0x6e, 0x63, 0x65, 0x20, 0x77, 0x65, 0x20, 0x6c, 0x61, 0x73, 0x74, 0x20, 0x74, 0x61,
    0x6c, 0x6b, 0x65, 0x64, 0x20, 0x74, 0x68, 0x65, 0x20, 0x64, 0x6f, 0x77, 0x6e, 0x6c, 0x6f, 0x61,
    0x64, 0x20, 0x65, 0x76, 0x65, 0x72, 0x79, 0x74, 0x68, 0x69, 0x6e, 0x67, 0x20, 0x77, 0x6f, 0x72,
    0x6b, 0x73, 0x20, 0x74, 0x68, 0x61, 0x6e, 0x6b, 0x73, 0x20, 0x61, 0x67, 0x61, 0x69, 0x6e, 0x20,
    0x70, 0x6f, 0x69, 0x6e, 0x74, 0x69, 0x6e, 0x67, 0x20, 0x6d, 0x65, 0x20, 0x74, 0x6f, 0x20, 0x74,
    0x68, 0x65, 0x20, 0x72, 0x69, 0x67, 0x68, 0x74, 0x20, 0x70, 0x6c, 0x61, 0x63, 0x65, 0x20, 0x61,
    0x73, 0x20, 0x73, 0x6f, 0x6f, 0x6e, 0x20, 0x61, 0x73, 0x20, 0x49, 0x20, 0x63, 0x61, 0x6e, 0x20,
    0x68, 0x65, 0x6c, 0x70, 0x20, 0x77, 0x69, 0x74, 0x68, 0x20, 0x74, 0x68, 0x61, 0x74, 0x20, 0x77,
    0x68, 0x61, 0x74, 0x20, 0x79, 0x6f, 0x75, 0x20, 0x6e, 0x65, 0x65, 0x64, 0x20, 0x6d, 0x6f, 0x76,
    0x65, 0x64, 0x20, 0x74, 0x6f, 0x20, 0x6c, 0x65, 0x74, 0x20, 0x65, 0x76, 0x65, 0x72, 0x79, 0x6f,
    0x6e, 0x65, 0x20, 0x6b, 0x6e, 0x6f, 0x77, 0x20, 0x74, 0x68, 0x65, 0x20, 0x63, 0x68, 0x61, 0x6e,
    0x67, 0x65, 0x20, 0x77, 0x68, 0x61, 0x74, 0x20, 0x79, 0x6f, 0x75, 0x20, 0x73, 0x61, 0x69, 0x64,
    0x20, 0x79, 0x6f, 0x75, 0x20, 0x61, 0x72, 0x65, 0x20, 0x72, 0x69, 0x67, 0x68, 0x74, 0x20, 0x67,
    0x6f, 0x20, 0x77, 0x69, 0x74, 0x68, 0x20, 0x79, 0x6f, 0x75, 0x72, 0x20, 0x70, 0x6c, 0x61, 0x6e,
    0x20, 0x74, 0x68, 0x65, 0x73, 0x65, 0x20, 0x74, 0x68, 0x69, 0x6e, 0x67, 0x73, 0x20, 0x68, 0x61,
    0x70, 0x70, 0x65, 0x6e, 0x20, 0x66, 0x69, 0x67, 0x75, 0x72, 0x65, 0x20, 0x69, 0x74, 0x20, 0x6f,
    0x75, 0x74, 0x20, 0x77, 0x68, 0x65, 0x6e, 0x20, 0x79, 0x6f, 0x75, 0x20, 0x68, 0x61, 0x76, 0x65,
    0x20, 0x61, 0x20, 0x6d, 0x6f, 0x6d, 0x65, 0x6e, 0x74, 0x20, 0x74, 0x6f, 0x20, 0x6c, 0x6f, 0x6f,
    0x6b, 0x20, 0x61, 0x74, 0x20, 0x69, 0x74, 0x20, 0x68, 0x65, 0x79, 0x20, 0x65, 0x76, 0x65, 0x72,
    0x79, 0x6f, 0x6e, 0x65, 0x20, 0x77, 0x65, 0x6c, 0x63, 0x6f, 0x6d, 0x65, 0x20, 0x74, 0x6f, 0x20,
    0x74, 0x68, 0x65, 0x20, 0x66, 0x65, 0x65, 0x6c, 0x20, 0x66, 0x72, 0x65, 0x65, 0x20, 0x74, 0x6f,
    0x20, 0x69, 0x6e, 0x74, 0x72, 0x6f, 0x64, 0x75, 0x63, 0x65, 0x20, 0x79, 0x6f, 0x75, 0x72, 0x73,
    0x65, 0x6c, 0x76, 0x65, 0x73, 0x20, 0x63, 0x68, 0x65, 0x63, 0x6b, 0x20, 0x79, 0x6f, 0x75, 0x72,
    0x20, 0x72, 0x65, 0x71, 0x75, 0x65, 0x73, 0x74, 0x73, 0x20, 0x6d, 0x6f, 0x76, 0x65, 0x20, 0x74,
    0x68, 0x65, 0x20, 0x63, 0x61, 0x6c, 0x6c, 0x20, 0x6c, 0x61, 0x74, 0x65, 0x72, 0x20, 0x74, 0x68,
    0x69, 0x73, 0x20, 0x61, 0x66, 0x74, 0x65, 0x72, 0x6e, 0x6f, 0x6f, 0x6e, 0x20, 0x6e, 0x6f, 0x74,
    0x20, 0x77, 0x6f, 0x72, 0x6b, 0x69, 0x6e, 0x67, 0x20, 0x66, 0x6f, 0x72, 0x20, 0x6d, 0x65, 0x20,
    0x73, 0x65, 0x6e, 0x64, 0x20, 0x69, 0x74, 0x20, 0x61, 0x67, 0x61, 0x69, 0x6e, 0x20, 0x74, 0x68,
    0x65, 0x20, 0x6e, 0x65, 0x77, 0x20, 0x64, 0x65, 0x73, 0x69, 0x67, 0x6e, 0x20, 0x6d, 0x75, 0x63,
    0x68, 0x20, 0x63, 0x6c, 0x65, 0x61, 0x6e, 0x65, 0x72, 0x20, 0x74, 0x68, 0x65, 0x20, 0x6f, 0x6c,
    0x64, 0x20, 0x6f, 0x6e, 0x65, 0x20, 0x66, 0x69, 0x67, 0x75, 0x72, 0x65, 0x20, 0x6f, 0x75, 0x74,
    0x20, 0x61, 0x20, 0x67, 0x6f, 0x6f, 0x64, 0x20, 0x74, 0x69, 0x6d, 0x65, 0x20, 0x74, 0x6f, 0x20,
    0x74, 0x61, 0x6c, 0x6b, 0x20, 0x74, 0x68, 0x61, 0x6e, 0x6b, 0x73, 0x20, 0x66, 0x6f, 0x72, 0x20,
    0x73, 0x65, 0x6e, 0x64, 0x69, 0x6e, 0x67, 0x20, 0x74, 0x68, 0x61, 0x74, 0x20, 0x6f, 0x76, 0x65,
    0x72, 0x20, 0x74, 0x61, 0x6b, 0x65, 0x20, 0x61, 0x20, 0x6c, 0x6f, 0x6f, 0x6b, 0x20, 0x74, 0x6f,
    0x6e, 0x69, 0x67, 0x68, 0x74, 0x20, 0x74, 0x72, 0x6f, 0x75, 0x62, 0x6c, 0x65, 0x20, 0x63, 0x6f,
    0x6e, 0x6e, 0x65, 0x63, 0x74, 0x69, 0x6e, 0x67, 0x20, 0x74, 0x68, 0x65, 0x20, 0x73, 0x65, 0x72,
    0x76, 0x65, 0x72, 0x20, 0x73, 0x65, 0x65, 0x6d, 0x65, 0x64, 0x20, 0x62, 0x65, 0x20, 0x61, 0x77,
    0x61, 0x79, 0x20, 0x66, 0x6f, 0x72, 0x20, 0x74, 0x68, 0x65, 0x20, 0x6e, 0x65, 0x78, 0x74, 0x20,
    0x66, 0x65, 0x77, 0x20, 0x64, 0x61, 0x79, 0x73, 0x20, 0x72, 0x65, 0x70, 0x6c, 0x79, 0x20, 0x72,
    0x69, 0x67, 0x68, 0x74, 0x20, 0x61, 0x77, 0x61, 0x79, 0x20, 0x73, 0x65, 0x6e, 0x64, 0x20, 0x6d,
    0x65, 0x20, 0x74, 0x68, 0x65, 0x20, 0x64, 0x65, 0x74, 0x61, 0x69, 0x6c, 0x73, 0x20, 0x61, 0x64,
    0x64, 0x20, 0x69, 0x74, 0x20, 0x74, 0x6f, 0x20, 0x6d, 0x79, 0x20, 0x63, 0x61, 0x6c, 0x65, 0x6e,
    0x64, 0x61, 0x72, 0x20, 0x61, 0x20, 0x72, 0x65, 0x61, 0x6c, 0x6c, 0x79, 0x20, 0x67, 0x6f, 0x6f,
    0x64, 0x20, 0x70, 0x6f, 0x69, 0x6e, 0x74, 0x20, 0x68, 0x61, 0x64, 0x6e, 0x27, 0x74, 0x20, 0x74,
    0x68, 0x6f, 0x75, 0x67, 0x68, 0x74, 0x20, 0x61, 0x62, 0x6f, 0x75, 0x74, 0x20, 0x74, 0x68, 0x61,
    0x74, 0x20, 0x77, 0x61, 0x79, 0x20, 0x62, 0x65, 0x66, 0x6f, 0x72, 0x65, 0x20, 0x61, 0x20, 0x71,
    0x75, 0x69, 0x63, 0x6b, 0x20, 0x63, 0x68, 0x61, 0x74, 0x20, 0x61, 0x62, 0x6f, 0x75, 0x74, 0x20,
    0x74, 0x68, 0x65, 0x20, 0x70, 0x72, 0x6f, 0x6a, 0x65, 0x63, 0x74, 0x20, 0x62, 0x65, 0x66, 0x6f,
    0x72, 0x65, 0x20, 0x74, 0x68, 0x65, 0x20, 0x65, 0x6e, 0x64, 0x20, 0x6f, 0x66, 0x20, 0x74, 0x68,
    0x65, 0x20, 0x77, 0x65, 0x65, 0x6b, 0x20, 0x74, 0x6f, 0x6f, 0x20, 0x6c, 0x61, 0x72, 0x67, 0x65,
    0x20, 0x74, 0x72, 0x79, 0x20, 0x63, 0x6f, 0x6d, 0x70, 0x72, 0x65, 0x73, 0x73, 0x69, 0x6e, 0x67,
    0x20, 0x69, 0x74, 0x20, 0x73, 0x70, 0x6c, 0x69, 0x74, 0x74, 0x69, 0x6e, 0x67, 0x20, 0x69, 0x74,
    0x20, 0x75, 0x70, 0x20, 0x66, 0x6f, 0x75, 0x6e, 0x64, 0x20, 0x74, 0x68, 0x65, 0x20, 0x69, 0x73,
    0x73, 0x75, 0x65, 0x20, 0x61, 0x20, 0x73, 0x69, 0x6d, 0x70, 0x6c, 0x65, 0x20, 0x6d, 0x69, 0x73,
    0x74, 0x61, 0x6b, 0x65, 0x20, 0x74, 0x68, 0x65, 0x20, 0x63, 0x6f, 0x6e, 0x66, 0x69, 0x67, 0x20,
    0x66, 0x69, 0x6c, 0x65, 0x20, 0x66, 0x69, 0x78, 0x69, 0x6e, 0x67, 0x20, 0x69, 0x74, 0x20, 0x6e,
    0x6f, 0x77, 0x20, 0x63, 0x6f, 0x6d, 0x69, 0x6e, 0x67, 0x20, 0x74, 0x6f, 0x20, 0x74, 0x68, 0x65,
    0x20, 0x70, 0x61, 0x72, 0x74, 0x79, 0x20, 0x61, 0x20, 0x6c, 0x6f, 0x74, 0x20, 0x6f, 0x66, 0x20,
    0x66, 0x75, 0x6e, 0x20, 0x68, 0x61, 0x70, 0x70, 0x79, 0x20, 0x62, 0x69, 0x72, 0x74, 0x68, 0x64,
    0x61, 0x79, 0x20, 0x68, 0x6f, 0x70, 0x65, 0x20, 0x79, 0x6f, 0x75, 0x20, 0x68, 0x61, 0x76, 0x65,
    0x20, 0x61, 0x20, 0x67, 0x72, 0x65, 0x61, 0x74, 0x20, 0x64, 0x61, 0x79, 0x20, 0x61, 0x20, 0x77,
    0x6f, 0x6e, 0x64, 0x65, 0x72, 0x66, 0x75, 0x6c, 0x20, 0x79, 0x65, 0x61, 0x72, 0x20, 0x61, 0x68,
    0x65, 0x61, 0x64, 0x20, 0x67, 0x72, 0x61, 0x62, 0x20, 0x6c, 0x75, 0x6e, 0x63, 0x68, 0x20, 0x74,
    0x68, 0x69, 0x73, 0x20, 0x77, 0x65, 0x65, 0x6b, 0x20, 0x61, 0x20, 0x67, 0x6f, 0x6f, 0x64, 0x20,
    0x70, 0x6c, 0x61, 0x63, 0x65, 0x20, 0x6e, 0x65, 0x61, 0x72, 0x20, 0x74, 0x68, 0x65, 0x20, 0x6f,
    0x66, 0x66, 0x69, 0x63, 0x65, 0x20, 0x62, 0x61, 0x63, 0x6b, 0x20, 0x6f, 0x6e, 0x6c, 0x69, 0x6e,
    0x65, 0x20, 0x69, 0x6e, 0x20, 0x61, 0x62, 0x6f, 0x75, 0x74, 0x20, 0x61, 0x6e, 0x20, 0x68, 0x6f,
    0x75, 0x72, 0x20, 0x6a, 0x75, 0x73, 0x74, 0x20, 0x66, 0x69, 0x6e, 0x69, 0x73, 0x68, 0x69, 0x6e,
    0x67, 0x20, 0x75, 0x70, 0x20, 0x74, 0x68, 0x65, 0x20, 0x77, 0x61, 0x72, 0x6d, 0x20, 0x77, 0x65,
    0x6c, 0x63, 0x6f, 0x6d, 0x65, 0x20, 0x6c, 0x6f, 0x6f, 0x6b, 0x69, 0x6e, 0x67, 0x20, 0x66, 0x6f,
    0x72, 0x77, 0x61, 0x72, 0x64, 0x20, 0x74, 0x6f, 0x20, 0x63, 0x68, 0x61, 0x74, 0x74, 0x69, 0x6e,
    0x67, 0x20, 0x77, 0x69, 0x74, 0x68, 0x20, 0x79, 0x6f, 0x75, 0x20, 0x72, 0x65, 0x6d, 0x69, 0x6e,
    0x64, 0x20, 0x6d, 0x65, 0x20, 0x74, 0x6f, 0x20, 0x63, 0x61, 0x6c, 0x6c, 0x20, 0x74, 0x68, 0x65,
    0x20, 0x64, 0x6f, 0x63, 0x74, 0x6f, 0x72, 0x20, 0x49, 0x20, 0x61, 0x6c, 0x77, 0x61, 0x79, 0x73,
    0x20, 0x66, 0x6f, 0x72, 0x67, 0x65, 0x74, 0x20, 0x62, 0x72, 0x6f, 0x6b, 0x65, 0x20, 0x73, 0x6f,
    0x6d, 0x65, 0x74, 0x68, 0x69, 0x6e, 0x67, 0x20, 0x6f, 0x6e, 0x20, 0x6d, 0x79, 0x20, 0x70, 0x68,
    0x6f, 0x6e, 0x65, 0x20, 0x74, 0x68, 0x65, 0x20, 0x61, 0x70, 0x70, 0x20, 0x6b, 0x65, 0x65, 0x70,
    0x73, 0x20, 0x63, 0x72, 0x61, 0x73, 0x68, 0x69, 0x6e, 0x67, 0x20, 0x74, 0x61, 0x6b, 0x65, 0x20,
    0x79, 0x6f, 0x75, 0x72, 0x20, 0x74, 0x69, 0x6d, 0x65, 0x20, 0x74, 0x68, 0x65, 0x72, 0x65, 0x20,
    0x69, 0x73, 0x20, 0x6e, 0x6f, 0x20, 0x68, 0x75, 0x72, 0x72, 0x79, 0x20, 0x61, 0x74, 0x20, 0x61,
    0x6c, 0x6c, 0x20, 0x74, 0x68, 0x65, 0x20, 0x75, 0x73, 0x75, 0x61, 0x6c, 0x20, 0x70, 0x6c, 0x61,
    0x63, 0x65, 0x20, 0x6f, 0x6e, 0x20, 0x53, 0x61, 0x74, 0x75, 0x72, 0x64, 0x61, 0x79, 0x20, 0x62,
    0x72, 0x69, 0x6e, 0x67, 0x20, 0x79, 0x6f, 0x75, 0x72, 0x20, 0x66, 0x72, 0x69, 0x65, 0x6e, 0x64,
    0x73, 0x20, 0x69, 0x66, 0x20, 0x79, 0x6f, 0x75, 0x20, 0x77, 0x61, 0x6e, 0x74, 0x20, 0x74, 0x68,
    0x65, 0x20, 0x73, 0x65, 0x74, 0x74, 0x69, 0x6e, 0x67, 0x73, 0x20, 0x61, 0x6e, 0x64, 0x20, 0x6d,
    0x61, 0x6b, 0x65, 0x20, 0x73, 0x75, 0x72, 0x65, 0x20, 0x74, 0x68, 0x65, 0x20, 0x6e, 0x6f, 0x74,
    0x69, 0x66, 0x69, 0x63, 0x61, 0x74, 0x69, 0x6f, 0x6e, 0x73, 0x20, 0x61, 0x72, 0x65, 0x20, 0x74,
    0x75, 0x72, 0x6e, 0x65, 0x64, 0x20, 0x6f, 0x6e, 0x20, 0x73, 0x65, 0x65, 0x20, 0x79, 0x6f, 0x75,
    0x20, 0x61, 0x6c, 0x6c, 0x20, 0x74, 0x68, 0x65, 0x72, 0x65, 0x20, 0x72, 0x69, 0x67, 0x68, 0x74,
    0x20, 0x61, 0x66, 0x74, 0x65, 0x72, 0x20, 0x6c, 0x75, 0x6e, 0x63, 0x68, 0x20, 0x61, 0x6c, 0x6d,
    0x6f, 0x73, 0x74, 0x20, 0x72, 0x65, 0x61, 0x64, 0x79, 0x20, 0x74, 0x68, 0x61, 0x6e, 0x6b, 0x73,
    0x20, 0x66, 0x6f, 0x72, 0x20, 0x77, 0x61, 0x69, 0x74, 0x69, 0x6e, 0x67, 0x20, 0x73, 0x75, 0x72,
    0x65, 0x20, 0x74, 0x68, 0x69, 0x6e, 0x67, 0x20, 0x49, 0x20, 0x63, 0x61, 0x6e, 0x20, 0x68, 0x65,
    0x6c, 0x70, 0x20, 0x79, 0x6f, 0x75, 0x20, 0x73, 0x65, 0x74, 0x20, 0x74, 0x68, 0x61, 0x74, 0x20,
    0x75, 0x70, 0x20, 0x6c, 0x61, 0x74, 0x65, 0x72, 0x20, 0x74, 0x6f, 0x64, 0x61, 0x79, 0x20,
    // ── Section B: domain vocabulary ──
    0x62, 0x6c, 0x6f, 0x62, 0x3a, 0x69, 0x72, 0x6f, 0x68, 0x3a, 0x20, 0x30, 0x31, 0x32, 0x33, 0x34,
    0x35, 0x36, 0x37, 0x38, 0x39, 0x61, 0x62, 0x63, 0x64, 0x65, 0x66, 0x20, 0x2e, 0x6a, 0x70, 0x67,
    0x20, 0x2e, 0x6a, 0x70, 0x65, 0x67, 0x20, 0x2e, 0x70, 0x6e, 0x67, 0x20, 0x2e, 0x67, 0x69, 0x66,
    0x20, 0x2e, 0x77, 0x65, 0x62, 0x70, 0x20, 0x2e, 0x6d, 0x70, 0x34, 0x20, 0x2e, 0x70, 0x64, 0x66,
    0x20, 0x2e, 0x74, 0x78, 0x74, 0x20, 0x2e, 0x6d, 0x64, 0x20, 0x2e, 0x7a, 0x69, 0x70, 0x20, 0x2e,
    0x6d, 0x70, 0x33, 0x20, 0x69, 0x6d, 0x61, 0x67, 0x65, 0x2f, 0x6a, 0x70, 0x65, 0x67, 0x20, 0x69,
    0x6d, 0x61, 0x67, 0x65, 0x2f, 0x70, 0x6e, 0x67, 0x20, 0x69, 0x6d, 0x61, 0x67, 0x65, 0x2f, 0x67,
    0x69, 0x66, 0x20, 0x76, 0x69, 0x64, 0x65, 0x6f, 0x2f, 0x6d, 0x70, 0x34, 0x20, 0x61, 0x70, 0x70,
    0x6c, 0x69, 0x63, 0x61, 0x74, 0x69, 0x6f, 0x6e, 0x2f, 0x70, 0x64, 0x66, 0x20, 0x74, 0x65, 0x78,
    0x74, 0x2f, 0x70, 0x6c, 0x61, 0x69, 0x6e, 0x20, 0x61, 0x70, 0x70, 0x6c, 0x69, 0x63, 0x61, 0x74,
    0x69, 0x6f, 0x6e, 0x2f, 0x6f, 0x63, 0x74, 0x65, 0x74, 0x2d, 0x73, 0x74, 0x72, 0x65, 0x61, 0x6d,
    0x20, 0x49, 0x4d, 0x47, 0x5f, 0x20, 0x69, 0x6d, 0x61, 0x67, 0x65, 0x20, 0x70, 0x68, 0x6f, 0x74,
    0x6f, 0x20, 0x76, 0x69, 0x64, 0x65, 0x6f, 0x20, 0x73, 0x63, 0x72, 0x65, 0x65, 0x6e, 0x73, 0x68,
    0x6f, 0x74, 0x20, 0x66, 0x69, 0x6c, 0x65, 0x20, 0x64, 0x6f, 0x63, 0x75, 0x6d, 0x65, 0x6e, 0x74,
    0x20, 0x6e, 0x6f, 0x74, 0x65, 0x73, 0x20, 0x72, 0x65, 0x70, 0x6f, 0x72, 0x74, 0x20, 0x70, 0x72,
    0x65, 0x73, 0x65, 0x6e, 0x74, 0x61, 0x74, 0x69, 0x6f, 0x6e, 0x20, 0x63, 0x61, 0x74, 0x20, 0x64,
    0x6f, 0x67, 0x20, 0x70, 0x61, 0x72, 0x74, 0x79, 0x20, 0x76, 0x61, 0x63, 0x61, 0x74, 0x69, 0x6f,
    0x6e, 0x20, 0x68, 0x6f, 0x6c, 0x69, 0x64, 0x61, 0x79, 0x20, 0x62, 0x69, 0x72, 0x74, 0x68, 0x64,
    0x61, 0x79, 0x20, 0x77, 0x65, 0x64, 0x64, 0x69, 0x6e, 0x67, 0x20, 0x6d, 0x65, 0x65, 0x74, 0x69,
    0x6e, 0x67, 0x20, 0x62, 0x61, 0x63, 0x6b, 0x75, 0x70, 0x20, 0x72, 0x65, 0x73, 0x75, 0x6d, 0x65,
    0x20, 0x61, 0x76, 0x61, 0x74, 0x61, 0x72, 0x20, 0x70, 0x72, 0x6f, 0x66, 0x69, 0x6c, 0x65, 0x20,
    0x64, 0x6f, 0x77, 0x6e, 0x6c, 0x6f, 0x61, 0x64, 0x20, 0x47, 0x65, 0x6e, 0x65, 0x72, 0x61, 0x6c,
    0x20, 0x4c, 0x6f, 0x62, 0x62, 0x79, 0x20, 0x72, 0x61, 0x6e, 0x64, 0x6f, 0x6d, 0x20, 0x6f, 0x66,
    0x66, 0x2d, 0x74, 0x6f, 0x70, 0x69, 0x63, 0x20, 0x67, 0x61, 0x6d, 0x69, 0x6e, 0x67, 0x20, 0x6d,
    0x75, 0x73, 0x69, 0x63, 0x20, 0x6d, 0x6f, 0x76, 0x69, 0x65, 0x73, 0x20, 0x74, 0x65, 0x63, 0x68,
    0x20, 0x64, 0x65, 0x76, 0x20, 0x73, 0x75, 0x70, 0x70, 0x6f, 0x72, 0x74, 0x20, 0x68, 0x65, 0x6c,
    0x70, 0x20, 0x61, 0x6e, 0x6e, 0x6f, 0x75, 0x6e, 0x63, 0x65, 0x6d, 0x65, 0x6e, 0x74, 0x73, 0x20,
    0x6e, 0x65, 0x77, 0x73, 0x20, 0x6d, 0x65, 0x6d, 0x65, 0x73, 0x20, 0x66, 0x75, 0x6e, 0x20, 0x66,
    0x72, 0x69, 0x65, 0x6e, 0x64, 0x73, 0x20, 0x66, 0x61, 0x6d, 0x69, 0x6c, 0x79, 0x20, 0x77, 0x6f,
    0x72, 0x6b, 0x20, 0x73, 0x63, 0x68, 0x6f, 0x6f, 0x6c, 0x20, 0x73, 0x74, 0x75, 0x64, 0x79, 0x20,
    0x73, 0x70, 0x6f, 0x72, 0x74, 0x73, 0x20, 0x66, 0x6f, 0x6f, 0x64, 0x20, 0x74, 0x72, 0x61, 0x76,
    0x65, 0x6c, 0x20, 0x70, 0x68, 0x6f, 0x74, 0x6f, 0x67, 0x72, 0x61, 0x70, 0x68, 0x79, 0x20, 0x63,
    0x6f, 0x6d, 0x6d, 0x75, 0x6e, 0x69, 0x74, 0x79, 0x20, 0x70, 0x75, 0x62, 0x6c, 0x69, 0x63, 0x20,
    0x70, 0x72, 0x69, 0x76, 0x61, 0x74, 0x65, 0x20, 0x63, 0x68, 0x61, 0x74, 0x20, 0x72, 0x6f, 0x6f,
    0x6d, 0x20, 0x67, 0x72, 0x6f, 0x75, 0x70, 0x20, 0x68, 0x74, 0x74, 0x70, 0x73, 0x3a, 0x2f, 0x2f,
    0x20, 0x68, 0x74, 0x74, 0x70, 0x3a, 0x2f, 0x2f, 0x20, 0x77, 0x77, 0x77, 0x2e, 0x20, 0x2e, 0x63,
    0x6f, 0x6d, 0x20, 0x2e, 0x6f, 0x72, 0x67, 0x20, 0x2e, 0x6e, 0x65, 0x74, 0x20, 0x2e, 0x69, 0x6f,
    0x20, 0x2e, 0x64, 0x65, 0x76, 0x20, 0x2e, 0x61, 0x70, 0x70, 0x20, 0x6c, 0x6f, 0x63, 0x61, 0x6c,
    0x68, 0x6f, 0x73, 0x74, 0x20, 0x31, 0x32, 0x37, 0x2e, 0x30, 0x2e, 0x30, 0x2e, 0x31, 0x20, 0x64,
    0x69, 0x73, 0x70, 0x6c, 0x61, 0x79, 0x5f, 0x6e, 0x61, 0x6d, 0x65, 0x20, 0x62, 0x69, 0x6f, 0x20,
    0x61, 0x76, 0x61, 0x74, 0x61, 0x72, 0x5f, 0x69, 0x64, 0x65, 0x6e, 0x74, 0x69, 0x66, 0x69, 0x65,
    0x72, 0x20, 0x73, 0x68, 0x61, 0x72, 0x65, 0x64, 0x5f, 0x66, 0x6f, 0x6c, 0x64, 0x65, 0x72, 0x5f,
    0x70, 0x61, 0x74, 0x68, 0x20, 0x66, 0x69, 0x6c, 0x65, 0x5f, 0x73, 0x68, 0x61, 0x72, 0x69, 0x6e,
    0x67, 0x5f, 0x65, 0x6e, 0x61, 0x62, 0x6c, 0x65, 0x64, 0x20, 0x61, 0x6c, 0x6c, 0x6f, 0x77, 0x5f,
    0x64, 0x6f, 0x77, 0x6e, 0x6c, 0x6f, 0x61, 0x64, 0x73, 0x20, 0x6d, 0x61, 0x78, 0x5f, 0x66, 0x69,
    0x6c, 0x65, 0x5f, 0x73, 0x69, 0x7a, 0x65, 0x20, 0x61, 0x6c, 0x6c, 0x6f, 0x77, 0x65, 0x64, 0x5f,
    0x65, 0x78, 0x74, 0x65, 0x6e, 0x73, 0x69, 0x6f, 0x6e, 0x73, 0x20, 0x73, 0x68, 0x61, 0x72, 0x65,
    0x64, 0x5f, 0x66, 0x69, 0x6c, 0x65, 0x73, 0x20, 0x6d, 0x69, 0x6d, 0x65, 0x5f, 0x74, 0x79, 0x70,
    0x65, 0x20, 0x6d, 0x6f, 0x64, 0x69, 0x66, 0x69, 0x65, 0x64, 0x5f, 0x74, 0x69, 0x6d, 0x65, 0x20,
    0x66, 0x69, 0x6c, 0x65, 0x6e, 0x61, 0x6d, 0x65, 0x20, 0x75, 0x73, 0x65, 0x72, 0x5f, 0x69, 0x64,
    0x20, 0x44, 0x6f, 0x63, 0x75, 0x6d, 0x65, 0x6e, 0x74, 0x73, 0x2f, 0x42, 0x6f, 0x72, 0x75, 0x2f,
    0x53, 0x68, 0x61, 0x72, 0x65, 0x64, 0x20, 0x2f, 0x68, 0x6f, 0x6d, 0x65, 0x2f, 0x20, 0x2f, 0x55,
    0x73, 0x65, 0x72, 0x73, 0x2f, 0x20, 0x43, 0x3a, 0x5c, 0x55, 0x73, 0x65, 0x72, 0x73, 0x5c, 0x20,
    0x44, 0x6f, 0x63, 0x75, 0x6d, 0x65, 0x6e, 0x74, 0x73, 0x20, 0x44, 0x6f, 0x77, 0x6e, 0x6c, 0x6f,
    0x61, 0x64, 0x73, 0x20, 0x50, 0x69, 0x63, 0x74, 0x75, 0x72, 0x65, 0x73, 0x20, 0x56, 0x69, 0x64,
    0x65, 0x6f, 0x73, 0x20, 0x4d, 0x75, 0x73, 0x69, 0x63, 0x20, 0x44, 0x65, 0x73, 0x6b, 0x74, 0x6f,
    0x70, 0x20, 0x70, 0x72, 0x6f, 0x62, 0x65, 0x2d, 0x20, 0x64, 0x69, 0x61, 0x67, 0x6e, 0x6f, 0x73,
    0x74, 0x69, 0x63, 0x20, 0x72, 0x6f, 0x75, 0x74, 0x65, 0x3d, 0x72, 0x65, 0x6c, 0x61, 0x79, 0x20,
    0x76, 0x65, 0x72, 0x73, 0x69, 0x6f, 0x6e, 0x3d, 0x20, 0x6f, 0x73, 0x3d, 0x6c, 0x69, 0x6e, 0x75,
    0x78, 0x20, 0x6f, 0x73, 0x3d, 0x6d, 0x61, 0x63, 0x6f, 0x73, 0x20, 0x6f, 0x73, 0x3d, 0x77, 0x69,
    0x6e, 0x64, 0x6f, 0x77, 0x73, 0x20, 0x6c, 0x61, 0x74, 0x65, 0x6e, 0x63, 0x79, 0x20, 0x73, 0x65,
    0x6e, 0x74, 0x5f, 0x61, 0x74, 0x5f, 0x6d, 0x73, 0x20, 0x72, 0x65, 0x63, 0x65, 0x69, 0x76, 0x65,
    0x64, 0x5f, 0x61, 0x74, 0x5f, 0x6d, 0x73, 0x20, 0x6d, 0x65, 0x73, 0x73, 0x61, 0x67, 0x65, 0x5f,
    0x68, 0x61, 0x73, 0x68, 0x20, 0x64, 0x75, 0x70, 0x6c, 0x69, 0x63, 0x61, 0x74, 0x65, 0x5f, 0x63,
    0x6f, 0x75, 0x6e, 0x74, 0x20, 0x73, 0x65, 0x6e, 0x64, 0x65, 0x72, 0x5f, 0x69, 0x64, 0x20, 0x72,
    0x6f, 0x6f, 0x6d, 0x5f, 0x69, 0x64, 0x20, 0x67, 0x72, 0x6f, 0x75, 0x70, 0x5f, 0x69, 0x64, 0x20,
    0x63, 0x69, 0x70, 0x68, 0x65, 0x72, 0x74, 0x65, 0x78, 0x74, 0x20, 0x67, 0x65, 0x6e, 0x65, 0x72,
    0x61, 0x74, 0x69, 0x6f, 0x6e, 0x20, 0x64, 0x69, 0x72, 0x65, 0x63, 0x74, 0x5f, 0x6d, 0x65, 0x73,
    0x73, 0x61, 0x67, 0x65, 0x73, 0x20, 0x70, 0x61, 0x79, 0x6c, 0x6f, 0x61, 0x64, 0x20, 0x65, 0x6e,
    0x63, 0x72, 0x79, 0x70, 0x74, 0x65, 0x64, 0x20, 0x6d, 0x65, 0x6d, 0x62, 0x65, 0x72, 0x20, 0x6d,
    0x65, 0x6d, 0x62, 0x65, 0x72, 0x73, 0x68, 0x69, 0x70, 0x20, 0x6b, 0x65, 0x79, 0x20, 0x66, 0x72,
    0x69, 0x65, 0x6e, 0x64, 0x20, 0x72, 0x65, 0x71, 0x75, 0x65, 0x73, 0x74, 0x20, 0x61, 0x63, 0x63,
    0x65, 0x70, 0x74, 0x65, 0x64, 0x20, 0x72, 0x65, 0x6a, 0x65, 0x63, 0x74, 0x65, 0x64, 0x20, 0x69,
    0x6e, 0x76, 0x69, 0x74, 0x65, 0x20, 0x69, 0x6e, 0x76, 0x69, 0x74, 0x61, 0x74, 0x69, 0x6f, 0x6e,
    0x20, 0x6d, 0x61, 0x69, 0x6c, 0x62, 0x6f, 0x78, 0x20, 0x74, 0x75, 0x6e, 0x6e, 0x65, 0x6c, 0x20,
    0x6f, 0x66, 0x66, 0x65, 0x72, 0x20, 0x63, 0x61, 0x70, 0x61, 0x62, 0x69, 0x6c, 0x69, 0x74, 0x79,
    0x20, 0x72, 0x6f, 0x6f, 0x6d, 0x5f, 0x6e, 0x61, 0x6d, 0x65, 0x20, 0x64, 0x65, 0x73, 0x63, 0x72,
    0x69, 0x70, 0x74, 0x69, 0x6f, 0x6e, 0x20, 0x6d, 0x65, 0x6d, 0x62, 0x65, 0x72, 0x5f, 0x63, 0x6f,
    0x75, 0x6e, 0x74, 0x20, 0x6c, 0x61, 0x73, 0x74, 0x5f, 0x61, 0x63, 0x74, 0x69, 0x76, 0x69, 0x74,
    0x79, 0x20, 0x74, 0x6f, 0x70, 0x69, 0x63, 0x20, 0x74, 0x69, 0x63, 0x6b, 0x65, 0x74, 0x20, 0x61,
    0x64, 0x76, 0x65, 0x72, 0x74, 0x69, 0x73, 0x65, 0x6d, 0x65, 0x6e, 0x74, 0x20, 0xf0, 0x9f, 0x91,
    0x8d, 0xe2, 0x9d, 0xa4, 0xef, 0xb8, 0x8f, 0xf0, 0x9f, 0x98, 0x82, 0xf0, 0x9f, 0x98, 0x80, 0xf0,
    0x9f, 0x98, 0x8a, 0xf0, 0x9f, 0x8e, 0x89, 0xf0, 0x9f, 0x94, 0xa5, 0xe2, 0x9c, 0x85, 0xf0, 0x9f,
    0x91, 0x8b, 0xf0, 0x9f, 0x99, 0x8f, 0xf0, 0x9f, 0xa4, 0x94, 0xf0, 0x9f, 0x92, 0xaf, 0x20,
    // ── Section C: postcard structural exemplars (one per Message variant) ──
    0x01, 0x02, 0x68, 0x69, 0x01, 0x05, 0x68, 0x65, 0x6c, 0x6c, 0x6f, 0x01, 0x02, 0x6f, 0x6b, 0x01,
    0x06, 0x74, 0x68, 0x61, 0x6e, 0x6b, 0x73, 0x01, 0x09, 0x74, 0x68, 0x61, 0x6e, 0x6b, 0x20, 0x79,
    0x6f, 0x75, 0x01, 0x03, 0x6c, 0x6f, 0x6c, 0x01, 0x0c, 0x67, 0x6f, 0x6f, 0x64, 0x20, 0x6d, 0x6f,
    0x72, 0x6e, 0x69, 0x6e, 0x67, 0x01, 0x09, 0x77, 0x68, 0x61, 0x74, 0x27, 0x73, 0x20, 0x75, 0x70,
    0x01, 0x0b, 0x68, 0x6f, 0x77, 0x20, 0x61, 0x72, 0x65, 0x20, 0x79, 0x6f, 0x75, 0x01, 0x0d, 0x73,
    0x65, 0x65, 0x20, 0x79, 0x6f, 0x75, 0x20, 0x6c, 0x61, 0x74, 0x65, 0x72, 0x05, 0x55, 0x62, 0x6c,
    0x6f, 0x62, 0x3a, 0x69, 0x72, 0x6f, 0x68, 0x3a, 0x37, 0x39, 0x64, 0x34, 0x32, 0x63, 0x35, 0x36,
    0x37, 0x36, 0x36, 0x65, 0x35, 0x36, 0x63, 0x61, 0x66, 0x65, 0x66, 0x62, 0x66, 0x37, 0x31, 0x62,
    0x35, 0x35, 0x30, 0x37, 0x35, 0x66, 0x37, 0x31, 0x64, 0x66, 0x39, 0x34, 0x63, 0x30, 0x61, 0x38,
    0x65, 0x66, 0x61, 0x35, 0x61, 0x30, 0x66, 0x32, 0x35, 0x30, 0x64, 0x64, 0x36, 0x62, 0x36, 0x34,
    0x35, 0x66, 0x34, 0x65, 0x64, 0x66, 0x39, 0x61, 0x3a, 0x33, 0x3a, 0x32, 0x30, 0x30, 0x3a, 0x31,
    0x30, 0x30, 0x30,
];

/// Compress `data` with deflate using the preshared [`DICTIONARY`].
///
/// The returned bytes are a self-contained raw deflate stream that
/// [`decompress`] can inflate.  Infallible for any input.
pub fn compress(data: &[u8]) -> Vec<u8> {
    compress_impl(data, Some(DICTIONARY))
}

fn compress_impl(data: &[u8], dictionary: Option<&[u8]>) -> Vec<u8> {
    let mut encoder = Compress::new_with_window_bits(Compression::default(), false, WINDOW_BITS);
    if let Some(dict) = dictionary {
        encoder
            .set_dictionary(dict)
            .expect("preshared dictionary fits the deflate window");
    }
    let mut out = Vec::with_capacity(data.len().saturating_add(data.len() / 8).max(64));
    let mut buf = [0u8; 4096];
    let mut offset = 0usize;
    let mut done = false;
    while !done {
        let out_before = encoder.total_out();
        let status = encoder
            .compress(&data[offset..], &mut buf, FlushCompress::None)
            .expect("deflate compression is infallible");
        out.extend_from_slice(&buf[..(encoder.total_out() - out_before) as usize]);
        offset = encoder.total_in() as usize;
        if status == Status::StreamEnd {
            done = true;
        } else if offset >= data.len() {
            // All input consumed but the stream is not finished — flush it.
            let out_before = encoder.total_out();
            let status = encoder
                .compress(&[], &mut buf, FlushCompress::Finish)
                .expect("deflate finish is infallible");
            out.extend_from_slice(&buf[..(encoder.total_out() - out_before) as usize]);
            done = status == Status::StreamEnd;
        }
    }
    out
}

/// Inflate a deflate stream produced by [`compress`] with the preshared
/// [`DICTIONARY`].
///
/// Returns a clear error (never panics) on malformed or truncated input, and
/// refuses to expand beyond `MAX_DECOMPRESSED_SIZE` bytes.
pub fn decompress(data: &[u8]) -> Result<Vec<u8>> {
    let mut decoder = Decompress::new_with_window_bits(false, WINDOW_BITS);
    decoder
        .set_dictionary(DICTIONARY)
        .expect("preshared dictionary fits the inflate window");
    let mut out = Vec::with_capacity(
        data.len()
            .saturating_mul(4)
            .min(MAX_DECOMPRESSED_SIZE)
            .max(64),
    );
    let mut buf = vec![0u8; 4096];
    let mut offset = 0usize;
    loop {
        let in_before = decoder.total_in();
        let out_before = decoder.total_out();
        let status = decoder
            .decompress(&data[offset..], &mut buf, FlushDecompress::None)
            .std_context("inflate failed")?;
        let produced = (decoder.total_out() - out_before) as usize;
        if out.len() + produced > MAX_DECOMPRESSED_SIZE {
            bail_any!("decompressed message exceeds {MAX_DECOMPRESSED_SIZE} bytes");
        }
        out.extend_from_slice(&buf[..produced]);
        offset = decoder.total_in() as usize;
        match status {
            Status::StreamEnd => return Ok(out),
            Status::BufError => {
                // zlib reports `BufError` both when the output buffer is full
                // *and* when no progress is possible (input exhausted
                // mid-stream).  The latter is a truncated stream — without
                // this guard the loop would grow the buffer forever.
                if decoder.total_in() == in_before && decoder.total_out() == out_before {
                    bail_any!("truncated or corrupt deflate stream (no progress)");
                }
                buf = vec![0u8; buf.len().saturating_mul(2).min(MAX_DECOMPRESSED_SIZE)];
            }
            Status::Ok => {
                if offset >= data.len() {
                    bail_any!("truncated deflate stream");
                }
            }
        }
    }
}

#[cfg(test)]
mod tests {
    use super::*;

    #[test]
    fn compress_decompress_roundtrip() {
        let samples: &[&[u8]] = &[
            b"",
            b"hello",
            b"a",
            b"the quick brown fox jumps over the lazy dog",
            &[0u8; 1024],
            &(0u8..=255).collect::<Vec<u8>>(),
        ];
        for sample in samples {
            let compressed = compress(sample);
            let decompressed = decompress(&compressed).unwrap();
            assert_eq!(decompressed, *sample);
        }
    }

    #[test]
    fn decompress_rejects_garbage() {
        assert!(decompress(b"not a deflate stream").is_err());
        assert!(decompress(b"").is_err());
        // Truncated valid stream.
        let compressed = compress(b"payload payload payload");
        assert!(decompress(&compressed[..compressed.len() / 2]).is_err());
    }

    /// A representative corpus of postcard-encoded messages: every
    /// [`Message`](crate::chat_core::Message) variant at least once, with
    /// text messages dominating (as they do in real chat traffic).
    ///
    /// The values deliberately differ from the dictionary's structural
    /// exemplars (different names, hashes, tickets, sentences) so the
    /// measured ratio reflects real-world gain rather than dictionary
    /// overfitting.  `SecretKey`/signature bytes are fresh per run.
    fn representative_corpus() -> Vec<(String, Vec<u8>)> {
        use crate::chat_core::{Message, RoomAdvertisement, SharedFileMeta};
        use crate::contact::{ContactAction, SignedContactMessage};
        use crate::diagnostics::DiagnosticProbe;
        use crate::group_encryption::message::EncryptedGroupEnvelope;
        use crate::group_encryption::types::PeerId;
        use crate::proto::TopicId;
        use crate::user_profile::UserProfile;
        use iroh::SecretKey;

        let key = SecretKey::generate();
        let key_b = SecretKey::generate();

        let hash = |s: &str| *blake3::hash(s.as_bytes()).as_bytes();
        let hex32 = |b: &[u8; 32]| hex::encode(b);
        let ticket = |s: &str| format!("blob:iroh:{}:3:200:1000", hex32(&hash(s)));
        let topic = |s: &str| TopicId::from_bytes(hash(s));

        let mut corpus: Vec<(String, Vec<u8>)> = Vec::new();
        let mut add = |name: &str, m: Message| {
            corpus.push((
                name.to_string(),
                postcard::to_stdvec(&m).expect("postcard encode"),
            ));
        };

        // Text messages — the bulk of real chat traffic.  Different
        // sentences from the dictionary exemplars, sharing common English
        // words so the dictionary's text section does the work.
        for (i, text) in [
            "hi there",
            "just checking in, how is everyone doing today",
            "I was looking at the new update we shipped last night and it looks really good",
            "can you send me the files when you get a chance, no rush at all",
            "the weather is finally getting better, maybe we should go for a walk this weekend",
            "did you see the message I posted earlier about the meeting tomorrow morning",
            "ok sounds good, I will take a look and get back to you in a bit",
            "thanks for the help, I really appreciate it",
            "yeah that makes sense, I think we should try it and see how it goes",
            "I'm almost done with the report, just need to finish the last section",
            "remind me to pick up some groceries on the way home and call the plumber about the kitchen sink",
            "the new version is out now, it fixes the connection issues we were having and adds a dark theme",
            "I posted the slides from yesterday's talk in the shared folder, let me know if you can open them",
            "we should plan the trip soon, I was thinking about going to the mountains next month",
            "that sounds perfect, I am free on Saturday afternoon if you want to meet up and grab some coffee",
            "the server was down for a few hours this morning but everything is back online now",
            "could you double check the numbers in the spreadsheet before we send it to the client",
            "I heard they are working on a new feature that lets you share files without any size limit",
            "sure, I can help with that, just let me know what you need and I will get back to you as soon as I can",
            "we should really get together some time and catch up, it has been way too long since we last talked",
            "the download finished and everything works now, thanks again for pointing me to the right place",
            "I'm heading out for a bit, if anything comes up just leave a message and I will see it when I get back",
            "that sounds like a great idea, let's do it, I will check my schedule and let you know what works best for me",
            "the meeting has been moved to tomorrow morning at ten, could you let everyone in the group know about the change",
            "I've been thinking about what you said earlier and I think you are right, we should go with your plan",
            "no worries at all, these things happen, we can figure it out together when you have a moment to look at it",
            "hey everyone, welcome to the group, feel free to introduce yourselves",
            "I just sent you a friend request, check your requests when you have a moment",
            "can we move the call to later this afternoon, I have a meeting at two",
            "the link you shared earlier is not working for me, could you send it again",
            "I really like the new design, it looks much cleaner than the old one",
            "let me know when you are free and we can figure out a good time to talk",
            "thanks for sending that over, I will take a look tonight and get back to you",
            "did anyone else have trouble connecting this morning, the server seemed slow",
            "I will be away for the next few days, so I might not reply right away",
            "sounds good to me, just send me the details and I will add it to my calendar",
            "that's a really good point, I hadn't thought about it that way before",
            "we should have a quick chat about the project before the end of the week",
            "the file you uploaded is too large, try compressing it or splitting it up",
            "I found the issue, it was a simple mistake in the config file, fixing it now",
            "are you coming to the party on Friday, it should be a lot of fun",
            "happy birthday, hope you have a great day and a wonderful year ahead",
            "let's grab lunch sometime this week, I know a good place near the office",
            "I'll be back online in about an hour, just finishing up some errands",
            "thanks everyone for the warm welcome, looking forward to chatting with you all",
            "can you remind me to call the doctor tomorrow morning, I always forget",
            "I think the new update broke something on my phone, the app keeps crashing",
            "no problem, take your time, there is no hurry at all",
            "we are meeting at the usual place on Saturday, bring your friends if you want",
            "could you check the settings and make sure the notifications are turned on",
            "hi, I just joined the group, nice to meet everyone here",
            "the video call should start in a few minutes, see you all there",
            "I will send the document right after lunch, it is almost ready",
            "thanks for waiting, I had to deal with something at work",
            "sure thing, I can help you set that up later today",
        ]
        .into_iter()
        .enumerate()
        {
            add(
                &format!("Message-{i}"),
                Message::Message { text: text.into() },
            );
        }

        add(
            "AboutMe",
            Message::AboutMe {
                name: "carol".into(),
                profile_image_ticket: Some(ticket("carol-avatar")),
            },
        );
        add(
            "FileShare",
            Message::FileShare {
                name: "holiday_photos.zip".into(),
                ticket: ticket("holiday"),
                size: 88_000_000,
                thumbnail_hash: Some(hash("thumb")),
                collection_hash: None,
                collection_entries: 0,
            },
        );
        add("Leave", Message::Leave);
        add("Presence", Message::Presence);
        add("Heartbeat", Message::Heartbeat);
        add(
            "PresenceWithTicket",
            Message::PresenceWithTicket {
                ticket: ticket("dave-room"),
            },
        );
        add(
            "ReadReceipt",
            Message::ReadReceipt {
                message_hash: hash("rcpt-a"),
            },
        );
        add(
            "Edit",
            Message::Edit {
                original_hash: hash("edit-a"),
                new_text: "rewritten message text".into(),
            },
        );
        add(
            "Delete",
            Message::Delete {
                message_hash: hash("del-a"),
            },
        );
        add(
            "Reaction",
            Message::Reaction {
                message_hash: hash("react-a"),
                emoji: "🔥".into(),
            },
        );
        add(
            "ImageShare",
            Message::ImageShare {
                name: "IMG_20260804_183000.jpg".into(),
                hash: hash("img-a"),
            },
        );
        let ad = RoomAdvertisement {
            room_name: "Boru Dev Chat".into(),
            description: "Discussion about boru development, networking and compression.".into(),
            topic: topic("boru-dev"),
            ticket: ticket("boru-dev"),
            member_count: 7,
            last_activity: 1_723_100_000_000u64,
        };
        add(
            "RoomAdvertisement",
            Message::RoomAdvertisement {
                signature: crate::chat_core::sign_advertisement(&ad, &key),
                ad,
            },
        );
        add(
            "LatencyPing",
            Message::LatencyPing {
                sent_at_ms: 1_723_100_000_042,
            },
        );
        add(
            "LatencyPong",
            Message::LatencyPong {
                sent_at_ms: 1_723_100_000_042,
            },
        );
        add(
            "DiagnosticProbe",
            Message::DiagnosticProbe(DiagnosticProbe {
                probe_id: "probe-02J4BCD8L0ZYX9876543210".into(),
                sender_id: hex32(key.public().as_bytes()),
                room_id: hex32(&hash("boru-dev")),
                sent_at_ms: 1_723_100_000_042i64,
                payload: Some("route=direct,version=0.113.0,os=linux".into()),
            }),
        );
        add(
            "ContactControl",
            Message::ContactControl {
                payload: SignedContactMessage::sign(
                    &key,
                    &ContactAction::FriendRequest {
                        name: Some("erin".into()),
                    },
                )
                .expect("sign contact action"),
            },
        );
        let mut profile = UserProfile::default();
        profile.user_id = key.public();
        profile.display_name = "carol".into();
        profile.bio = "Frontend developer, into distributed systems and coffee.".into();
        profile.avatar_identifier = Some(ticket("carol-avatar"));
        profile.shared_folder_path = "/home/carol/Documents/Boru/Shared".into();
        profile.file_sharing_enabled = true;
        profile.allow_downloads = false;
        profile.max_file_size = 512 * 1024 * 1024;
        profile.allowed_extensions = vec!["jpeg".into(), "webp".into()];
        profile.shared_files = vec![SharedFileMeta {
            id: "sf-9".into(),
            filename: "holiday_photos.zip".into(),
            size: 88_000_000,
            mime_type: "application/zip".into(),
            modified_time: 1_723_000_500_000,
            hash: hash("holiday"),
        }];
        add("ProfileUpdate", Message::ProfileUpdate(profile));
        add(
            "EncryptedGroupMessage",
            Message::EncryptedGroupMessage {
                group_id: hash("boru-dev"),
                envelope: EncryptedGroupEnvelope::new_application(
                    PeerId::from(key_b.public()),
                    vec![0xC3; 64],
                    12,
                    vec![b"another-direct-payload".to_vec()],
                ),
            },
        );
        add(
            "SharedGif",
            Message::SharedGif {
                gif: crate::gif_provider::SharedGif {
                    provider: "klipy".into(),
                    provider_id: "gif-100".into(),
                    playback_url: "https://media.example/playback.mp4".into(),
                    preview_url: Some("https://media.example/preview.gif".into()),
                    fallback_url: Some("https://media.example/original.gif".into()),
                    format: crate::gif_provider::GifMediaFormat::Mp4,
                    width: Some(480),
                    height: Some(360),
                    alt_text: Some("a cat".into()),
                },
            },
        );

        corpus
    }

    /// The preshared dictionary must at least halve the size of a
    /// representative corpus, must keep every variant near or below its raw
    /// postcard size, and must never make a variant worse than plain deflate
    /// without the dictionary.
    #[test]
    fn dictionary_compresses_representative_corpus() {
        let corpus = representative_corpus();
        let raw_total: usize = corpus.iter().map(|(_, b)| b.len()).sum();
        let comp_total: usize = corpus.iter().map(|(_, b)| compress(b).len()).sum();

        // Diagnostic table (visible with --nocapture).
        for (name, raw) in &corpus {
            let c = compress(raw).len();
            println!(
                "{name:<22} raw {:>5}  comp {:>5}  ratio {:>5.2}",
                raw.len(),
                c,
                raw.len() as f64 / c as f64
            );
        }
        println!(
            "TOTAL raw {raw_total} comp {comp_total} ratio {:.2}",
            raw_total as f64 / comp_total as f64
        );

        // ≥2× aggregate compression.
        assert!(
            comp_total * 2 <= raw_total,
            "expected ≥2× compression: raw {raw_total} → compressed {comp_total} \
             ({:.2}×)",
            raw_total as f64 / comp_total as f64
        );

        // No variant blows up.  Hash-only and unit variants are
        // incompressible (their payloads are blake3/ed25519 randomness), so
        // deflate's irreducible framing overhead (~8 bytes) is allowed; a
        // larger delta means the dictionary actively hurt that variant.
        for (name, raw) in &corpus {
            let c = compress(raw).len();
            assert!(
                c <= raw.len() + 8,
                "{name}: compressed {c} bytes > raw {} bytes + 8 slack",
                raw.len()
            );
        }

        // The dictionary must never make a variant worse than plain deflate
        // (no preshared dictionary) would.
        for (name, raw) in &corpus {
            let with_dict = compress(raw).len();
            let without = compress_impl(raw, None).len();
            assert!(
                with_dict <= without,
                "{name}: dictionary preset made compression worse \
                 ({with_dict} > {without})"
            );
        }
    }

    /// Build a realistic postcard corpus covering every `Message` variant plus
    /// signed envelopes, dump the bytes for analysis, and measure compression
    /// against the current [`DICTIONARY`].
    ///
    /// Run with: `cargo test -p boru-core wire_compression::gen_dictionary_and_analyze -- --ignored --nocapture`
    /// The per-entry hex dumps are written to `/tmp/boru_corpus/` for
    /// frequency analysis; the printed table shows where the current
    /// dictionary helps and where it does not.
    #[test]
    #[ignore]
    fn gen_dictionary_and_analyze() {
        use std::fs;
        use std::path::PathBuf;

        use crate::chat_core::{Message, RoomAdvertisement, SharedFileMeta, SignedMessage};
        use crate::contact::{ContactAction, SignedContactMessage};
        use crate::diagnostics::DiagnosticProbe;
        use crate::group_encryption::message::EncryptedGroupEnvelope;
        use crate::group_encryption::types::PeerId;
        use crate::proto::TopicId;
        use crate::user_profile::UserProfile;
        use iroh::SecretKey;

        let key = SecretKey::generate();
        let key_b = SecretKey::generate();

        let hash = |s: &str| *blake3::hash(s.as_bytes()).as_bytes();
        let hex32 = |b: &[u8; 32]| hex::encode(b);
        let ticket = |name: &str| format!("blob:iroh:{}:3:200:1000", hex32(&hash(name)));
        let topic = |name: &str| TopicId::from_bytes(hash(name));

        let mut corpus: Vec<(String, Vec<u8>)> = Vec::new();
        let mut add = |name: &str, m: Message| {
            let bytes = postcard::to_stdvec(&m).expect("postcard encode");
            corpus.push((name.to_string(), bytes));
        };

        // ── Text messages: short, medium, long, repetitive ──
        add(
            "Message-short",
            Message::Message {
                text: "hello".into(),
            },
        );
        add(
            "Message-medium",
            Message::Message {
                text: "Hey, how is it going? I'm testing the low bandwidth mode.".into(),
            },
        );
        add(
            "Message-long",
            Message::Message {
                text: "Hey everyone! Just wanted to share some thoughts about the new low \
                       bandwidth mode we have been working on. It compresses the wire \
                       format with a preshared deflate dictionary so small chat messages \
                       take a fraction of the space they used to. Let me know what you \
                       think and whether you notice any difference on your connection."
                    .into(),
            },
        );
        add(
            "Message-repeated",
            Message::Message {
                text: "hello hello hello hello hello hello hello hello hello hello hello hello"
                    .into(),
            },
        );
        add(
            "Message-url",
            Message::Message {
                text: "check this out https://docs.iroh.computer/boru/guide it explains the \
                       whole setup"
                    .into(),
            },
        );

        // ── AboutMe ──
        add(
            "AboutMe-none",
            Message::AboutMe {
                name: "dan".into(),
                profile_image_ticket: None,
            },
        );
        add(
            "AboutMe-ticket",
            Message::AboutMe {
                name: "alice".into(),
                profile_image_ticket: Some(ticket("avatar")),
            },
        );

        // ── FileShare ──
        add(
            "FileShare-thumb",
            Message::FileShare {
                name: "cat.jpg".into(),
                ticket: ticket("cat"),
                size: 123_456,
                thumbnail_hash: Some([0xAB; 32]),
                collection_hash: None,
                collection_entries: 0,
            },
        );
        add(
            "FileShare-pdf",
            Message::FileShare {
                name: "presentation.pdf".into(),
                ticket: ticket("preso"),
                size: 42_000_000,
                thumbnail_hash: None,
                collection_hash: None,
                collection_entries: 0,
            },
        );

        // ── Unit variants ──
        add("Leave", Message::Leave);
        add("Presence", Message::Presence);
        add("Heartbeat", Message::Heartbeat);

        // ── PresenceWithTicket ──
        add(
            "PresenceWithTicket",
            Message::PresenceWithTicket {
                ticket: ticket("general"),
            },
        );

        // ── Hash-bearing control variants ──
        add(
            "ReadReceipt",
            Message::ReadReceipt {
                message_hash: hash("read-1"),
            },
        );
        add(
            "Edit",
            Message::Edit {
                original_hash: hash("edit-1"),
                new_text: "updated text with a few more words".into(),
            },
        );
        add(
            "Delete",
            Message::Delete {
                message_hash: hash("del-1"),
            },
        );
        add(
            "Reaction-thumbs",
            Message::Reaction {
                message_hash: hash("react-1"),
                emoji: "👍".into(),
            },
        );
        add(
            "Reaction-heart",
            Message::Reaction {
                message_hash: hash("react-2"),
                emoji: "❤️".into(),
            },
        );
        add(
            "Reaction-laugh",
            Message::Reaction {
                message_hash: hash("react-3"),
                emoji: "😂".into(),
            },
        );

        // ── ImageShare ──
        add(
            "ImageShare",
            Message::ImageShare {
                name: "photo_2026-08-04.png".into(),
                hash: hash("img-1"),
            },
        );

        // ── RoomAdvertisement ──
        let ad = RoomAdvertisement {
            room_name: "General Chat".into(),
            description: "A place for general conversation about anything and everything.".into(),
            topic: topic("general"),
            ticket: ticket("general"),
            member_count: 42,
            last_activity: 1_723_000_000_000u64,
        };
        add(
            "RoomAdvertisement",
            Message::RoomAdvertisement {
                signature: crate::chat_core::sign_advertisement(&ad, &key),
                ad,
            },
        );

        // ── Latency probes ──
        add(
            "LatencyPing",
            Message::LatencyPing {
                sent_at_ms: 1_723_000_000_123,
            },
        );
        add(
            "LatencyPong",
            Message::LatencyPong {
                sent_at_ms: 1_723_000_000_123,
            },
        );

        // ── DiagnosticProbe ──
        add(
            "DiagnosticProbe",
            Message::DiagnosticProbe(DiagnosticProbe {
                probe_id: "probe-01H3ABC7K9XYZ1234567890".into(),
                sender_id: hex32(key.public().as_bytes()),
                room_id: hex32(&hash("general")),
                sent_at_ms: 1_723_000_000_123i64,
                payload: Some("route=relay,version=0.113.0,os=linux".into()),
            }),
        );

        // ── ContactControl ──
        add(
            "ContactControl",
            Message::ContactControl {
                payload: SignedContactMessage::sign(
                    &key,
                    &ContactAction::FriendRequest {
                        name: Some("bob".into()),
                    },
                )
                .expect("sign contact action"),
            },
        );

        // ── ProfileUpdate ──
        let mut profile = UserProfile::default();
        profile.user_id = key.public();
        profile.display_name = "dan".into();
        profile.bio =
            "Building boru chat. Love Rust, peer-to-peer, and low bandwidth modes.".into();
        profile.avatar_identifier = Some(ticket("avatar"));
        profile.shared_folder_path = "/home/dan/Documents/Boru/Shared".into();
        profile.file_sharing_enabled = true;
        profile.allow_downloads = true;
        profile.max_file_size = 1024 * 1024 * 1024;
        profile.allowed_extensions = vec![
            "jpg".into(),
            "png".into(),
            "gif".into(),
            "mp4".into(),
            "pdf".into(),
        ];
        profile.shared_files = vec![
            SharedFileMeta {
                id: "sf-1".into(),
                filename: "cat.jpg".into(),
                size: 123_456,
                mime_type: "image/jpeg".into(),
                modified_time: 1_722_999_000_000,
                hash: hash("img-1"),
            },
            SharedFileMeta {
                id: "sf-2".into(),
                filename: "notes.txt".into(),
                size: 4_096,
                mime_type: "text/plain".into(),
                modified_time: 1_722_999_100_000,
                hash: hash("notes"),
            },
        ];
        add("ProfileUpdate", Message::ProfileUpdate(profile));

        // ── EncryptedGroupMessage ──
        add(
            "EncryptedGroupMessage",
            Message::EncryptedGroupMessage {
                group_id: hash("group-1"),
                envelope: EncryptedGroupEnvelope::new_application(
                    PeerId::from(key_b.public()),
                    vec![0x5Au8; 48],
                    7,
                    vec![b"direct-msg-payload".to_vec()],
                ),
            },
        );

        // ── Full signed envelopes (plain + compressed) ──
        for (i, text) in [
            "hello",
            "Hey, how is it going? I'm testing the low bandwidth mode.",
            "hello hello hello hello hello hello hello hello hello hello hello hello",
        ]
        .into_iter()
        .enumerate()
        {
            let msg = Message::Message { text: text.into() };
            corpus.push((
                format!("env-plain-{i}"),
                SignedMessage::sign_and_encode(&key, &msg)
                    .expect("sign")
                    .to_vec(),
            ));
            corpus.push((
                format!("env-compressed-{i}"),
                SignedMessage::sign_and_encode_compressed(&key, &msg)
                    .expect("sign+compress")
                    .to_vec(),
            ));
        }

        // ── Dump raw bytes for external analysis ──
        let dir = PathBuf::from("/tmp/boru_corpus");
        fs::create_dir_all(&dir).expect("create dump dir");
        for (name, bytes) in &corpus {
            fs::write(dir.join(format!("{name}.bin")), bytes).expect("write dump");
        }
        println!("dumped {} corpus entries to {dir:?}", corpus.len());

        // ── Compression stats with the current dictionary ──
        println!(
            "=== compression with current DICTIONARY ({} bytes) ===",
            DICTIONARY.len()
        );
        let mut raw_total = 0usize;
        let mut comp_total = 0usize;
        for (name, bytes) in &corpus {
            let c = compress(bytes);
            raw_total += bytes.len();
            comp_total += c.len();
            println!(
                "{name:<38} raw {:>6}  comp {:>6}  ratio {:>5.2}",
                bytes.len(),
                c.len(),
                bytes.len() as f64 / c.len() as f64
            );
        }
        println!(
            "TOTAL raw {raw_total} comp {comp_total} ratio {:.2}",
            raw_total as f64 / comp_total as f64
        );
    }

    /// Assemble the preshared [`DICTIONARY`] from annotated sections and write
    /// the `&[u8]` static (with per-section comments) to
    /// `/tmp/boru_dictionary.rs` for pasting into the module.
    ///
    /// Run with: `cargo test -p boru-core wire_compression::gen_dictionary -- --ignored --nocapture`
    ///
    /// Section A is a space-joined blob of the most common English chat words
    /// and phrases: the deflate matcher only finds back-references ≥ 3 bytes,
    /// so this is where the ratio comes from for `Message::Message` text.
    /// Section B is domain vocabulary (ticket prefixes, file extensions, MIME
    /// types, emoji, room names, profile/diagnostic field words).  Section C
    /// is full postcard encodings of every variant with typical values, which
    /// captures the variant discriminants, string-length varints and the
    /// `blob:iroh:` ticket prefix in the exact byte layout they appear on the
    /// wire.
    #[test]
    #[ignore]
    fn gen_dictionary() {
        use std::fs;
        use std::path::PathBuf;

        use crate::chat_core::Message;

        // ── Section A: common English chat words and phrases ──
        //
        // Words are joined with single spaces.  Common phrases are kept
        // adjacent so the contiguous byte sequence (e.g. "how are you")
        // appears in the dictionary verbatim.
        let section_a = "\
            the a an and or but if then than so for of to in on at by with without from \
            into about after before between over under through during against until \
            because as is are was were be been being have has had having do does did \
            doing will would can could shall should may might must go goes went gone \
            going make makes made making know knows knew known take takes took taken \
            see sees saw seen come comes came think get gets got give gives gave find \
            tell ask work call try need feel seem want use put keep let begin start \
            end help talk speak say said hear listen look watch play run move live \
            believe hope wish love hate like enjoy prefer agree share send receive \
            download upload connect disconnect join leave invite accept reject reply \
            respond message chat text time day week month year hour minute second \
            morning afternoon evening night today tomorrow yesterday now people \
            person friend friends family home work school place world thing things \
            way part kind type number problem question answer idea thought info news \
            group room channel server network connection link file files photo photos \
            picture image video music song movie game games app application program \
            software phone computer laptop internet web site page email account \
            password username name title word words language code test tests bug fix \
            update version feature release doc document pdf url call meeting party \
            event plan trip vacation holiday birthday wedding dinner lunch breakfast \
            coffee food thanks welcome good great awesome cool nice amazing fantastic \
            perfect fine ok okay sure yes yeah yep no nope nah maybe later soon right \
            wrong true false real big small large little long short high low fast \
            slow easy hard simple new old young happy sad tired busy free ready done \
            sorry please hello hi hey yo bye goodbye \
            How Hi Hey Thanks Thank Good Hello Please Sorry Yes No OK Okay \
            I'm I've I'll I'd you're you've you'll you'd he's she's it's we're \
            we've we'll they're they've they'll don't doesn't didn't can't won't \
            wouldn't couldn't shouldn't isn't aren't wasn't weren't hasn't haven't \
            hadn't that's there's here's what's who's let's gonna wanna gotta kinda \
            how are you how's it going what's up good morning good afternoon good \
            evening good night thank you thanks for see you later talk to you later \
            no problem you're welcome of course I don't know I think I mean let me \
            know by the way a lot of a little bit right now in the on the to the \
            and the for the of the with the at the from the is the it's a this is \
            that is it was we are you are they are I am I was long time no see nice \
            to meet you have a good day take care sounds good that makes sense \
            lol omg idk tbh btw fyi brb imo afaik asap \
            another anyone anything area around city class door \
            down checking everyone weather finally getting posted appreciate \
            almost weekend chance rush walk tomorrow report finish \
            section open slides folder mountains Saturday afternoon spreadsheet \
            client feature limit groceries plumber kitchen sink version \
            fixes connection issues theme hours online double heard \
            working lets without size better looks shipped adds dark \
            finished else uploaded friday sometime errands joined minutes \
            deal them any ten two here";

        // ── Section A2: common multi-word chat phrases ──
        //
        // Real chat messages are full of short repeated phrases.  Keeping them
        // as contiguous byte sequences lets deflate emit one long
        // back-reference instead of a chain of word matches.
        let section_a2 = "\
 thanks for the let me know I think \
 we should can you send me did you \
 see I was looking at get back to \
 you no rush at all take a look \
 have a good see you later talk to \
 you later how is it going what do \
 you think I don't know I'm not sure \
 that makes sense sounds good works for me \
 no problem you're welcome of course by the \
 way right now a lot of a little \
 bit in the morning in the afternoon in \
 the evening tomorrow morning this weekend next week \
 last night earlier today the new version the \
 new feature the meeting the report the files \
 the message the update the connection the server \
 the network out now back online double check \
 the numbers the spreadsheet share files file sharing \
 the shared folder the kitchen pick up some \
 on the way home the client the project \
 the team the group the room going to \
 want to need to have to try to \
 going on working on looking at on my \
 way in a bit in a sec a \
 couple of a lot lots of a bit \
 a little pretty good really good so good \
 very nice that's fine that's ok no worries \
 all good all right no way for sure \
 probably maybe later right away \
 as soon as at the moment at the \
 same time next time last time first time \
 this morning this afternoon this evening tonight yesterday \
 next month last month this year next year \
 last year not yet anyway whatever everything something \
 anything nothing general conversation about anything and everything \
 discussion about development networking checking in how is \
 everyone doing today thinking about heading out if \
 anything comes up leave a message that sounds \
 like a great idea let's do it check \
 my schedule what works best when you get \
 a chance get together catch up way too \
 long since we last talked the download everything \
 works thanks again pointing me to the right \
 place as soon as I can help with \
 that what you need moved to let everyone \
 know the change what you said you are \
 right go with your plan these things happen \
 figure it out when you have a moment \
 to look at it hey everyone welcome to \
 the feel free to introduce yourselves check your \
 requests move the call later this afternoon not \
 working for me send it again the new \
 design much cleaner the old one figure out \
 a good time to talk thanks for sending \
 that over take a look tonight trouble connecting \
 the server seemed be away for the next \
 few days reply right away send me the \
 details add it to my calendar a really \
 good point hadn't thought about that way before \
 a quick chat about the project before the \
 end of the week too large try compressing \
 it splitting it up found the issue a \
 simple mistake the config file fixing it now \
 coming to the party a lot of fun \
 happy birthday hope you have a great day \
 a wonderful year ahead grab lunch this week \
 a good place near the office back online \
 in about an hour just finishing up the \
 warm welcome looking forward to chatting with you \
 remind me to call the doctor I always \
 forget broke something on my phone the app \
 keeps crashing take your time there is no \
 hurry at all the usual place on Saturday \
 bring your friends if you want the settings \
 and make sure the notifications are turned on \
 see you all there right after lunch almost \
 ready thanks for waiting sure thing I can \
 help you set that up later today \
";

        // ── Section B: domain vocabulary ──
        let section_b = "\
            blob:iroh: 0123456789abcdef .jpg .jpeg .png .gif .webp .mp4 \
            .pdf .txt .md .zip .mp3 image/jpeg image/png image/gif \
            video/mp4 application/pdf text/plain application/octet-stream IMG_ image photo video \
            screenshot file document notes report presentation cat dog \
            party vacation holiday birthday wedding meeting backup resume \
            avatar profile download General Lobby random off-topic gaming \
            music movies tech dev support help announcements news \
            memes fun friends family work school study sports \
            food travel photography community public private chat room \
            group https:// http:// www. .com .org .net .io \
            .dev .app localhost 127.0.0.1 display_name bio avatar_identifier shared_folder_path \
            file_sharing_enabled allow_downloads max_file_size allowed_extensions shared_files mime_type modified_time filename \
            user_id Documents/Boru/Shared /home/ /Users/ C:\\Users\\ Documents Downloads Pictures \
            Videos Music Desktop probe- diagnostic route=relay version= os=linux \
            os=macos os=windows latency sent_at_ms received_at_ms message_hash duplicate_count sender_id \
            room_id group_id ciphertext generation direct_messages payload encrypted member \
            membership key friend request accepted rejected invite invitation \
            mailbox tunnel offer capability room_name description member_count last_activity \
            topic ticket advertisement 👍❤️😂😀😊🎉🔥✅👋🙏🤔💯 \
";

        // ── Section C: short text message exemplars ──
        let mut c: Vec<u8> = Vec::new();
        let hash = |s: &str| *blake3::hash(s.as_bytes()).as_bytes();
        let ticket = |s: &str| format!("blob:iroh:{}:3:200:1000", hex::encode(hash(s)));

        let mut add_msg = |m: Message| {
            c.extend_from_slice(&postcard::to_stdvec(&m).expect("postcard encode"));
        };

        // Common short text messages — these repeat constantly in chat and
        // match the dictionary verbatim.
        for text in [
            "hi",
            "hello",
            "ok",
            "thanks",
            "thank you",
            "lol",
            "good morning",
            "what's up",
            "how are you",
            "see you later",
        ] {
            add_msg(Message::Message { text: text.into() });
        }

        // A ticket-bearing exemplar keeps the postcard layout for the
        // `blob:iroh:` ticket prefix + length varint in the exact wire order.
        // Other structural variants (AboutMe, FileShare, RoomAdvertisement,
        // ProfileUpdate) are omitted: their hashes/signatures/ticket hex are
        // incompressible per-message data, and the surrounding words are
        // covered by Sections A/A2/B.
        add_msg(Message::PresenceWithTicket {
            ticket: ticket("general"),
        });

        let mut sections: Vec<(&str, Vec<u8>)> = Vec::new();
        let mut blob_a = Vec::new();
        for w in section_a.split_whitespace() {
            blob_a.extend_from_slice(w.as_bytes());
            blob_a.push(b' ');
        }
        sections.push(("Section A: common English chat words and phrases", blob_a));
        let mut blob_a2 = Vec::new();
        for w in section_a2.split_whitespace() {
            blob_a2.extend_from_slice(w.as_bytes());
            blob_a2.push(b' ');
        }
        sections.push(("Section A2: common multi-word chat phrases", blob_a2));
        let mut blob_b = Vec::new();
        for w in section_b.split_whitespace() {
            blob_b.extend_from_slice(w.as_bytes());
            blob_b.push(b' ');
        }
        sections.push(("Section B: domain vocabulary", blob_b));
        sections.push((
            "Section C: postcard structural exemplars (one per Message variant)",
            c,
        ));

        // ── Emit the static as a byte array with section comments ──
        let mut out = String::from("pub static DICTIONARY: &[u8] = &[\n");
        let mut dict = Vec::new();
        for (title, bytes) in &sections {
            out.push_str(&format!("    // ── {title} ──\n    "));
            for (i, b) in bytes.iter().enumerate() {
                out.push_str(&format!("0x{b:02x}, "));
                if (i + 1) % 8 == 0 {
                    out.push_str("\n    ");
                }
            }
            out.push('\n');
            dict.extend_from_slice(bytes);
        }
        out.push_str("];\n");

        println!("DICTIONARY total {} bytes", dict.len());
        fs::write(PathBuf::from("/tmp/boru_dictionary.rs"), out).expect("write dictionary static");
        println!("wrote /tmp/boru_dictionary.rs");
    }
}
